Strain,B1_req,B2_req,B3_req,B5_req,B6_req,B9_req,B12_req,Kx_req,B1_syn,B2_syn,B3_syn,B5_syn,B6_syn,B9_syn,B12_syn,Kx_syn,Cluster
Abiotrophia_defectiva_ATCC_49176,1,1,0,1,1,1,0,1,0,0,1,0,0,0,1,0,B6++
Achromobacter_xylosoxidans_A8,1,0,0,0,0,0,0,1,0,1,1,1,1,1,1,0,K+
Achromobacter_xylosoxidans_NBRC_15126,1,0,0,0,1,1,0,1,0,1,1,1,0,0,1,0,None
Acidaminococcus_fermentans_DSM_20731,1,1,0,0,1,0,0,1,0,0,1,1,0,1,1,0,B6++
Acidaminococcus_intestini_RyC_MR95,0,0,1,1,1,0,0,1,1,1,0,0,0,1,1,0,B6++
Acidaminococcus_sp_D21,0,0,1,0,1,0,0,0,0,1,0,0,0,1,0,0,B6+
Acinetobacter_baumannii_AB0057,1,0,1,0,0,0,0,1,0,1,0,1,1,1,1,0,None
Acinetobacter_calcoaceticus_PHEA_2,0,0,0,0,0,0,0,1,1,1,1,1,1,1,1,0,K+
Acinetobacter_haemolyticus_NIPH_261,1,0,0,0,0,0,0,1,0,1,1,1,1,1,1,0,K+
Acinetobacter_johnsonii_SH046,1,0,0,0,0,0,0,1,0,1,1,1,1,1,1,0,K+
Acinetobacter_junii_SH205,0,0,0,0,0,0,0,0,0,1,1,1,1,1,0,1,()
Acinetobacter_lwoffii_WJ10621,1,0,0,0,0,0,0,1,0,1,1,1,1,1,1,0,K+
Acinetobacter_pittii_ANC_4052,1,0,0,0,0,0,0,1,0,1,1,1,1,1,1,0,K+
Acinetobacter_radioresistens_NIPH_2130,1,0,0,0,0,1,0,1,0,1,1,1,1,0,1,0,B9+
Actinobacillus_pleuropneumoniae_L20,1,0,0,1,0,0,0,0,0,1,1,0,1,1,1,1,B5++
Actinomyces_cardiffensis_F0333,1,1,1,0,0,1,0,1,0,0,0,1,1,0,1,0,None
Actinomyces_georgiae_DSM_6843,1,1,1,0,0,1,0,1,0,0,0,1,1,0,1,0,None
Actinomyces_graevenitzii_C83,1,1,1,0,1,1,0,1,0,0,0,1,0,0,1,0,B6++
Actinomyces_naeslundii_str_Howell_279,1,0,1,0,0,1,0,1,0,1,0,1,1,0,1,0,None
Actinomyces_odontolyticus_ATCC_17982,0,1,1,0,0,0,0,0,0,0,0,1,1,1,0,1,None
Actinomyces_oris_K20,1,1,1,1,0,1,0,1,0,0,0,0,1,0,1,0,B1+B3+B5+
Actinomyces_turicensis_ACS_279_V_Col4,0,1,1,0,0,1,0,1,1,0,0,1,1,0,1,0,None
Actinomyces_urogenitalis_DSM_15434,1,1,1,0,0,0,0,1,0,0,0,1,1,1,1,0,None
Actinomyces_viscosus_C505,0,0,1,0,0,1,0,1,1,1,0,1,1,0,1,0,None
Adlercreutzia_equolifaciens_DSM_19450,1,1,1,0,0,1,0,0,0,0,0,1,1,0,1,1,None
Aerococcus_viridans_ATCC_11563,1,1,1,1,0,1,0,1,0,0,0,0,1,0,1,0,B1+B3+B5+
Aeromonas_caviae_Ae398,1,0,0,0,0,0,0,0,0,1,1,1,1,1,1,1,B1
Aeromonas_hydrophila_subsp_hydrophila_ATCC_7966,0,0,0,0,0,0,0,0,1,1,1,1,1,1,1,1,()
Aeromonas_jandaei_Riv2,1,0,0,0,0,0,0,0,0,1,1,1,1,1,1,1,B1
Aeromonas_media_WS,1,0,0,0,0,0,0,0,0,1,1,1,1,1,1,1,B1
Aeromonas_veronii_B565,1,0,0,0,0,0,0,0,0,1,1,1,1,1,1,1,B1
Afipia_birgiae_34632,0,1,0,0,0,0,0,1,1,0,1,1,1,1,1,0,None
Aggregatibacter_aphrophilus_NJ8700,1,0,1,1,0,1,0,0,0,1,0,0,1,0,1,1,B1+B3+B5+
Agrobacterium_tumefaciens_F2,1,1,0,0,0,0,0,1,0,0,1,1,1,1,1,0,None
Akkermansia_muciniphila_ATCC_BAA_835,0,0,0,0,0,0,0,1,1,1,1,1,1,1,1,0,K+
Alcaligenes_faecalis_subsp_faecalis_NBRC_13111,0,0,0,0,0,0,0,1,1,1,1,1,1,1,1,0,K+
Alcaligenes_faecalis_subsp_faecalis_NCIB_8687,0,0,0,0,0,0,0,0,1,1,1,1,1,1,1,1,()
Alistipes_finegoldii_DSM_17242,1,0,0,0,0,1,0,1,0,1,1,1,1,0,1,0,B9+
Alistipes_indistinctus_YIT_12060,1,0,0,0,0,0,0,1,0,1,1,1,1,1,1,0,K+
Alistipes_onderdonkii_DSM_19147,1,1,0,0,0,1,0,1,0,0,1,1,1,0,1,0,None
Alistipes_putredinis_DSM_17216,1,1,0,1,0,1,0,1,0,0,1,0,1,0,1,0,B5++
Alistipes_shahii_WAL_8301,1,1,0,0,0,1,0,1,0,0,1,1,1,0,1,0,None
Alloprevotella_tannerae_ATCC_51259,1,1,0,1,0,1,0,1,0,0,1,0,1,0,1,0,B5++
Anaerobaculum_hydrogeniformans_OS1_ATCC_BAA_1850,0,0,1,0,0,0,0,0,0,1,0,1,1,0,0,0,B3+
Anaerobiospirillum_succiniciproducens_DSM_640001,1,0,0,1,0,0,0,1,0,1,1,0,1,1,1,0,B5++
Anaerococcus_hydrogenalis_DSM_7454,0,0,1,0,0,0,0,0,1,1,0,1,1,1,0,0,B3+
Anaerococcus_prevotii_DSM_20548,1,1,1,0,0,1,0,1,0,0,0,1,1,0,1,0,None
Anaerococcus_vaginalis_ATCC_51170,1,1,1,1,0,1,0,1,0,0,0,0,1,0,1,0,B1+B3+B5+
Anaerofustis_stercorihominis_DSM_17244,0,1,0,0,1,1,0,1,1,0,1,1,0,0,1,0,None
Anaerostipes_caccae_DSM_14662,0,0,0,0,0,0,0,0,1,1,1,1,1,1,0,0,()
Anaerostipes_hadrus_DSM_3319,1,1,0,0,0,0,0,1,0,0,1,1,1,1,1,0,None
Anaerostipes_sp_3_2_56FAA,0,0,0,0,0,0,0,0,1,1,1,1,1,1,0,0,()
Anaerotruncus_colihominis_DSM_17241,0,1,1,1,1,0,0,0,0,0,0,0,0,1,0,1,B6+
Aneurinibacillus_aneurinilyticus_ATCC_12856,1,1,0,0,0,0,0,0,0,0,1,1,1,1,1,1,B2+
Arcanobacterium_haemolyticum_DSM_20595,1,1,1,1,0,1,0,1,0,0,0,0,1,0,1,0,B1+B3+B5+
Arcobacter_butzleri_RM4018,1,1,0,0,0,1,0,1,0,0,1,1,1,0,1,0,None
Arthrobacter_castelli_DSM_16402,1,0,0,0,0,0,0,0,0,1,1,1,1,1,1,1,B1
Atopobium_minutum_10063974,1,1,1,1,1,1,0,1,0,0,0,0,0,0,1,0,B6++
Atopobium_parvulum_DSM_20469,1,1,1,1,1,1,0,1,0,0,0,0,0,0,1,0,B6++
Atopobium_rimae_ATCC_49626,1,1,1,1,1,1,0,1,0,0,0,0,0,0,1,0,B6++
Bacillus_altitudinis_41KF2b,1,1,0,0,0,0,0,0,0,0,1,1,1,1,1,1,B2+
Bacillus_amyloliquefaciens_DSM7,1,1,0,0,0,0,0,0,0,0,1,1,1,1,1,1,B2+
Bacillus_amyloliquefaciens_subsp_amyloliquefaciens_DC_12,1,1,0,0,0,0,0,0,0,0,1,1,1,1,1,1,B2+
Bacillus_atrophaeus_ATCC_49822_1,1,1,0,0,0,0,0,0,0,0,1,1,1,1,1,1,B2+
Bacillus_cereus_AH187_F4810_72,0,0,0,0,0,0,0,0,1,1,1,1,1,1,1,1,()
Bacillus_cereus_G9842,0,0,0,0,0,0,0,0,1,1,1,1,1,1,1,1,()
Bacillus_clausii_KSM_K16,1,0,0,0,0,0,0,1,0,1,1,1,1,1,1,0,K+
Bacillus_endophyticus_2102,1,1,0,0,0,0,0,0,0,0,1,1,1,1,1,1,B2+
Bacillus_firmus_DS1,1,1,0,0,0,0,0,0,0,0,1,1,1,1,1,1,B2+
Bacillus_flexus_27Col1_1E,1,1,0,0,0,0,0,0,0,0,1,1,1,1,1,1,B2+
Bacillus_fordii_DSM_16014,1,1,0,0,0,0,0,0,0,0,1,1,1,1,1,1,B2+
Bacillus_halodurans_C_125,1,1,0,0,0,0,0,1,0,0,1,1,1,1,1,0,None
Bacillus_infantis_NRRL_B_14911,1,1,0,0,0,0,0,0,0,0,1,1,1,1,1,1,B2+
Bacillus_licheniformis_ATCC_14580,1,1,0,0,0,0,0,0,0,0,1,1,1,1,1,1,B2+
Bacillus_megaterium_DSM319,1,1,0,0,0,0,0,0,0,0,1,1,1,1,1,1,B2+
Bacillus_mojavensis_RO_H_1,1,1,0,0,0,0,0,0,0,0,1,1,1,1,1,1,B2+
Bacillus_mycoides_DSM_2048,1,1,0,0,0,0,0,0,0,0,1,1,1,1,1,1,B2+
Bacillus_nealsonii_AAU1,1,1,0,0,0,0,0,0,0,0,1,1,1,1,1,1,B2+
Bacillus_pseudofirmus_OF4,1,0,0,0,0,0,0,1,0,1,1,1,1,1,1,0,K+
Bacillus_pumilus_ATCC_7061,1,1,0,0,0,0,0,0,0,0,1,1,1,1,1,1,B2+
Bacillus_sonorensis_L12,1,1,0,0,0,0,0,0,0,0,1,1,1,1,1,1,B2+
Bacillus_subtilis_str_168,1,0,0,0,0,0,0,0,0,1,1,1,1,1,1,1,B1
Bacillus_thermoamylovorans,1,1,0,0,0,0,0,1,0,0,1,1,1,1,1,0,None
Bacillus_thuringiensis_serovar_thuringiensis_str_T01001,1,1,0,0,0,0,0,0,0,0,1,1,1,1,1,1,B2+
Bacillus_timonensis_10403023,1,1,0,0,0,0,0,0,0,0,1,1,1,1,1,1,B2+
Bacillus_vallismortis_DV1_F_3,1,1,0,0,0,1,0,1,0,0,1,1,1,0,1,0,None
Bacteroides_caccae_ATCC_43185,0,0,0,0,0,0,0,0,1,1,1,1,1,1,0,1,()
Bacteroides_cellulosilyticus_DSM_14838,0,0,0,0,0,0,0,0,1,1,1,1,1,1,0,1,()
Bacteroides_clarus_YIT_12056,0,0,0,0,0,0,0,0,1,1,1,1,1,1,1,1,()
Bacteroides_coprocola_M16_DSM_17136,0,0,0,0,1,0,0,0,1,1,1,1,0,1,0,1,B6
Bacteroides_coprophilus_DSM_18228,0,0,0,0,1,0,0,0,1,1,1,1,0,1,0,1,B6
Bacteroides_dorei_DSM_17855,0,0,0,0,0,0,0,0,1,1,1,1,1,1,0,1,()
Bacteroides_eggerthii_1_2_48FAA,0,0,0,0,0,0,0,0,1,1,1,1,1,1,0,1,()
Bacteroides_eggerthii_DSM_20697,0,0,0,0,0,0,0,0,1,1,1,1,1,1,0,1,()
Bacteroides_faecis_MAJ27,1,1,0,0,0,0,0,1,0,0,1,1,1,1,1,0,None
Bacteroides_finegoldii_DSM_17565,0,0,0,0,0,0,0,0,1,1,1,1,1,1,0,1,()
Bacteroides_fluxus_YIT_12057,1,1,0,0,0,0,0,1,0,0,1,1,1,1,1,0,None
Bacteroides_fragilis_3_1_12,0,0,0,0,0,0,0,0,1,1,1,1,1,1,0,1,()
Bacteroides_fragilis_638R,0,0,0,0,0,0,0,0,1,1,1,1,1,1,1,1,()
Bacteroides_fragilis_NCTC_9343,0,0,0,0,0,0,0,0,1,1,1,1,1,1,1,1,()
Bacteroides_fragilis_YCH46,0,0,0,0,0,0,0,0,1,1,1,1,1,1,1,1,()
Bacteroides_graminisolvens_DSM_19988,0,0,0,0,0,0,0,1,1,1,1,1,1,1,1,0,K+
Bacteroides_intestinalis_341_DSM_17393,0,0,0,0,0,0,0,0,1,1,1,1,1,1,0,1,()
Bacteroides_massiliensis_B846dnLKV334,1,0,0,0,0,0,0,1,0,1,1,1,1,1,1,0,K+
Bacteroides_nordii_CL02T12C05,1,0,0,0,0,0,0,1,0,1,1,1,1,1,1,0,K+
Bacteroides_oleiciplenus_YIT_12058,1,0,0,0,0,0,0,1,0,1,1,1,1,1,1,0,K+
Bacteroides_ovatus_ATCC_8483,0,0,0,0,0,0,0,0,1,1,1,1,1,1,0,1,()
Bacteroides_ovatus_SD_CC_2a,0,0,0,0,0,0,0,0,1,1,1,1,1,1,0,1,()
Bacteroides_ovatus_SD_CMC_3f,0,0,0,0,0,0,0,0,1,1,1,1,1,1,0,1,()
Bacteroides_pectinophilus_ATCC_43243,0,1,1,0,1,0,0,0,0,0,0,0,0,1,0,0,B6+
Bacteroides_plebeius_M12_DSM_17135,0,0,0,0,1,0,0,0,1,1,1,1,0,1,0,1,B6
Bacteroides_pyogenes_DSM20611,1,0,0,0,0,0,0,1,0,1,1,1,1,1,1,0,K+
Bacteroides_salyersiae_WAL_10018,1,0,0,0,0,0,0,1,0,1,1,1,1,1,1,0,K+
Bacteroides_sp_1_1_14,0,0,0,0,0,0,0,0,1,1,1,1,1,1,0,1,()
Bacteroides_sp_1_1_30,0,0,0,0,0,0,0,0,1,1,1,1,1,1,0,1,()
Bacteroides_sp_1_1_6,0,0,0,0,0,0,0,0,1,1,1,1,1,1,0,1,()
Bacteroides_sp_20_3,0,0,0,0,1,0,0,0,1,1,1,1,0,1,0,1,B6
Bacteroides_sp_2_1_22,0,0,0,0,0,0,0,0,1,1,1,1,1,1,0,1,()
Bacteroides_sp_2_1_33B,0,0,0,0,0,0,0,0,1,1,1,1,1,1,0,1,()
Bacteroides_sp_2_1_7,0,0,0,0,0,0,0,0,1,1,1,1,1,1,0,1,()
Bacteroides_sp_2_2_4,0,0,0,0,0,0,0,0,1,1,1,1,1,1,0,1,()
Bacteroides_sp_3_1_19,0,0,0,0,0,0,0,0,1,1,1,1,1,1,0,1,()
Bacteroides_sp_3_1_23,0,0,0,0,0,0,0,0,1,1,1,1,1,1,0,1,()
Bacteroides_sp_3_1_33FAA,0,0,0,0,0,0,0,0,1,1,1,1,1,1,0,1,()
Bacteroides_sp_3_1_40A,0,0,0,0,0,0,0,0,1,1,1,1,1,1,0,1,()
Bacteroides_sp_3_2_5,0,0,0,0,0,0,0,0,1,1,1,1,1,1,0,1,()
Bacteroides_sp_4_1_36,0,0,0,0,0,0,0,0,1,1,1,1,1,1,0,1,()
Bacteroides_sp_4_3_47FAA,0,0,0,0,0,0,0,0,1,1,1,1,1,1,0,1,()
Bacteroides_sp_9_1_42FAA,0,0,0,0,0,0,0,0,1,1,1,1,1,1,0,1,()
Bacteroides_sp_D1,0,0,0,0,0,0,0,0,1,1,1,1,1,1,0,1,()
Bacteroides_sp_D2,0,0,0,0,0,0,0,0,1,1,1,1,1,1,0,1,()
Bacteroides_sp_D20,0,0,0,0,0,0,0,0,1,1,1,1,1,1,0,1,()
Bacteroides_sp_D22,0,0,0,0,0,0,0,0,1,1,1,1,1,1,0,1,()
Bacteroides_stercoris_ATCC_43183,0,0,0,0,0,0,0,0,1,1,1,1,1,1,0,1,()
Bacteroides_thetaiotaomicron_VPI_5482,0,0,0,0,0,0,0,0,1,1,1,1,1,1,1,1,()
Bacteroides_timonensis_AP1,1,0,0,0,0,0,0,1,0,1,1,1,1,1,1,0,K+
Bacteroides_uniformis_ATCC_8492,0,0,0,0,0,0,0,0,1,1,1,1,1,1,0,1,()
Bacteroides_ureolyticus_DSM_20703,1,0,1,0,0,1,0,1,0,1,0,1,1,0,1,0,None
Bacteroides_vulgatus_ATCC_8482,0,0,0,0,0,0,0,0,1,1,1,1,1,1,1,1,()
Bacteroides_xylanisolvens_SD_CC_1b,0,0,0,0,0,0,0,0,1,1,1,1,1,1,0,1,()
Bacteroides_xylanisolvens_XB1A,0,0,0,0,0,0,0,0,1,1,1,1,1,1,0,1,()
Barnesiella_intestinihominis_YIT_11860,1,1,0,0,0,1,0,0,0,0,1,1,1,0,1,1,None
Bartonella_quintana_Toulouse,1,0,1,0,0,1,0,1,0,1,0,1,1,0,1,0,None
Bifidobacterium_adolescentis_ATCC_15703,1,0,1,1,0,0,0,0,0,1,0,0,1,1,1,1,B1+B3+B5+
Bifidobacterium_angulatum_DSM_20098,0,1,0,1,0,0,0,0,1,0,1,0,1,1,0,0,None
Bifidobacterium_animalis_lactis_AD011,0,1,1,0,0,0,0,0,1,0,0,0,1,1,0,0,None
Bifidobacterium_animalis_lactis_BB_12,1,1,1,1,0,1,0,1,0,0,0,0,1,0,1,0,B1+B3+B5+
Bifidobacterium_animalis_lactis_Bi_07,1,1,1,1,0,1,0,0,0,0,0,0,1,0,1,1,B1+B3+B5+
Bifidobacterium_animalis_lactis_Bl_04_ATCC_SD5219,1,1,1,1,0,1,0,1,0,0,0,0,1,0,1,0,B1+B3+B5+
Bifidobacterium_animalis_lactis_CNCM_I_2494,1,1,1,1,0,1,0,1,0,0,0,0,1,0,1,0,B1+B3+B5+
Bifidobacterium_animalis_lactis_DSM_10140,1,1,1,1,0,1,0,1,0,0,0,0,1,0,1,0,B1+B3+B5+
Bifidobacterium_animalis_lactis_V9,1,1,1,1,0,1,0,1,0,0,0,0,1,0,1,0,B1+B3+B5+
Bifidobacterium_bifidum_BGN4,0,1,0,1,0,0,0,1,1,0,1,0,1,1,1,0,B5++
Bifidobacterium_bifidum_NCIMB_41171,0,1,0,0,0,0,0,0,0,0,1,0,1,1,0,0,B2+
Bifidobacterium_bifidum_PRL2010,0,1,0,1,0,0,0,0,1,0,1,0,1,1,1,1,None
Bifidobacterium_bifidum_S17,0,1,0,1,0,0,0,1,1,0,1,0,1,1,1,0,B5++
Bifidobacterium_boum_DSM_20432,1,1,0,1,0,1,0,1,0,0,1,0,1,0,1,0,B5++
Bifidobacterium_breve_HPH0326,0,1,0,1,0,0,0,1,1,0,1,0,1,1,1,0,B5++
Bifidobacterium_breve_UCC2003_NCIMB8807,0,1,1,1,0,0,0,0,1,0,0,0,1,1,1,1,None
Bifidobacterium_catenulatum_DSM_16992,0,1,0,1,0,0,0,0,1,0,1,0,1,1,0,0,None
Bifidobacterium_coryneforme_DSM_20216,1,1,1,1,1,1,0,1,0,0,0,0,0,0,1,0,B6++
Bifidobacterium_dentium_ATCC_27678,1,1,1,1,0,0,0,0,0,0,0,0,1,1,1,1,B1+B3+B5+
Bifidobacterium_gallicum_DSM_20093,0,1,1,0,0,0,0,0,1,0,0,0,1,1,0,0,None
Bifidobacterium_kashiwanohense_DSM_21854,1,1,0,1,0,1,0,1,0,0,1,0,1,0,1,0,B5++
Bifidobacterium_longum_DJO10A,0,1,1,1,0,0,0,0,1,0,0,0,1,1,1,1,None
Bifidobacterium_longum_E18,0,1,1,1,0,0,0,0,1,0,0,0,1,1,1,1,None
Bifidobacterium_longum_infantis_157F_NC,0,1,0,0,0,0,0,0,1,0,1,0,1,1,0,0,B2+
Bifidobacterium_longum_infantis_ATCC_15697,0,0,0,0,0,0,0,0,0,1,1,1,1,1,0,0,()
Bifidobacterium_longum_longum_ATCC_55813,0,1,0,0,0,0,0,0,1,0,1,0,1,1,0,0,B2+
Bifidobacterium_longum_longum_BBMN68,0,1,0,1,0,0,0,0,1,0,1,0,1,1,1,1,None
Bifidobacterium_longum_longum_CCUG_52486,0,1,0,0,0,0,0,0,1,0,1,0,1,1,0,0,B2+
Bifidobacterium_longum_longum_JCM_1217,0,1,0,1,0,0,0,0,1,0,1,0,1,1,1,1,None
Bifidobacterium_longum_longum_JDM301,0,1,0,1,0,0,0,0,1,0,1,0,1,1,1,1,None
Bifidobacterium_longum_NCC2705,0,1,0,0,0,0,0,0,1,0,1,0,1,1,0,0,B2+
Bifidobacterium_mongoliense_DSM_21395,1,1,1,1,1,1,0,1,0,0,0,0,0,0,1,0,B6++
Bifidobacterium_pseudocatenulatum_DSM_20438,0,1,1,1,0,0,0,0,1,0,0,0,1,1,0,0,None
Bifidobacterium_pseudolongum_subsp_Pseudolongum_DSM_20099,1,1,1,1,0,1,0,1,0,0,0,0,1,0,1,0,B1+B3+B5+
Bifidobacterium_ruminantium_DSM_6489,1,1,0,0,0,0,0,0,0,0,1,1,1,1,1,1,B2+
Bifidobacterium_scardovii_JCM_12489,1,1,1,1,1,1,0,1,0,0,0,0,0,0,1,0,B6++
Bifidobacterium_stercoris_DSM_24849,1,1,1,0,0,0,0,1,0,0,0,1,1,1,1,0,None
Bifidobacterium_thermacidophilum_subsp_thermacidophilum_DSM_15837,1,1,0,1,0,0,0,0,0,0,1,0,1,1,1,1,B5++
Bifidobacterium_thermophilum_RBL67,1,1,0,1,0,0,0,1,0,0,1,0,1,1,1,0,B5++
Bilophila_wadsworthia_3_1_6,0,0,0,0,0,0,0,0,0,1,1,1,1,1,0,1,()
Blastococcus_massiliensis_AP3,1,0,0,0,0,1,0,1,0,1,1,1,1,0,1,0,B9+
Blautia_hansenii_VPI_C7_24_DSM_20583,0,0,0,0,0,0,0,0,0,1,1,1,1,1,0,0,()
Blautia_hydrogenotrophica_DSM_10507,0,1,1,1,1,0,0,0,1,0,0,0,0,1,0,0,B6+
Blautia_obeum_ATCC_29174,1,0,0,0,0,0,0,0,0,1,1,1,1,1,1,1,B1
Blautia_producta_DSM_2950,1,1,0,1,0,0,0,1,0,0,1,0,1,1,1,0,B5++
Blautia_wexlerae_DSM_19850,1,1,0,0,1,1,0,1,0,0,1,1,0,0,1,0,None
Bordetella_hinzii_OH87_BAL007II,1,0,1,0,1,0,0,0,0,1,0,1,0,1,1,1,B6++
Brachybacterium_paraconglomeratum_LC44,1,1,0,0,0,1,0,0,0,0,1,1,1,0,1,1,None
Brachyspira_pilosicoli_B2904,1,0,1,0,1,1,0,1,0,1,0,1,0,0,1,0,B6++
Bradyrhizobium_elkanii_USDA_76,1,0,0,0,0,0,0,1,0,1,1,1,1,1,1,0,K+
Bradyrhizobium_japonicum_USDA_6,1,1,0,0,0,0,0,1,0,0,1,1,1,1,1,0,None
Brevibacillus_agri_5_2,1,1,0,0,0,0,0,0,0,0,1,1,1,1,1,1,B2+
Brevibacillus_agri_BAB_2500,1,1,0,0,0,0,0,0,0,0,1,1,1,1,1,1,B2+
Brevibacillus_borstelensis_AK1,1,1,0,0,0,1,0,1,0,0,1,1,1,0,1,0,None
Brevibacillus_brevis_NBRC_100599,1,0,0,0,0,0,0,1,0,1,1,1,1,1,1,0,K+
Brevibacterium_casei_S18,1,0,0,0,0,1,0,1,0,1,1,1,1,0,1,0,B9+
Brevibacterium_linens_BL2,1,0,0,0,0,0,0,0,0,1,1,1,1,1,1,1,B1
Brevibacterium_massiliense_5401308,1,0,1,0,0,1,0,1,0,1,0,1,1,0,1,0,None
Brevundimonas_bacteroides_DSM_4726,1,0,0,0,1,0,0,1,0,1,1,1,0,1,1,0,None
Brevundimonas_diminuta_470_4,1,0,0,0,0,0,0,1,0,1,1,1,1,1,1,0,K+
Brochothrix_thermosphacta_DSM_20171,1,1,1,1,0,1,0,1,0,0,0,0,1,0,1,0,B1+B3+B5+
Bulleidia_extructa_W1219,1,1,1,1,0,1,0,1,0,0,0,0,1,0,1,0,B1+B3+B5+
Burkholderiales_bacterium_1_1_47,0,1,1,0,1,0,0,0,1,0,0,1,0,1,0,0,B6+
Burkholderia_cepacia_GG4,0,0,0,0,0,0,0,1,1,1,1,1,1,1,1,0,K+
Butyricicoccus_pullicaecorum_1_2,1,0,1,0,1,1,0,1,0,1,0,1,0,0,1,0,B6++
Butyricimonas_synergistica_DSM_23225,1,0,0,1,0,0,0,1,0,1,1,0,1,1,1,0,B5++
Butyricimonas_virosa_DSM_23226,1,0,0,1,0,0,0,1,0,1,1,0,1,1,1,0,B5++
Butyrivibrio_crossotus_DSM_2876,0,0,1,0,0,0,0,0,1,1,0,1,1,1,0,0,B3+
Butyrivibrio_fibrisolvens_16_4,0,0,0,0,0,0,0,0,1,1,1,1,1,1,0,0,()
Campylobacter_coli_JV20,0,0,1,0,1,0,0,0,1,1,0,1,0,1,0,1,B6+
Campylobacter_concisus_13826,1,0,1,0,1,1,0,1,0,1,0,1,0,0,1,0,B6++
Campylobacter_curvus_525_92,1,0,1,0,1,0,0,1,0,1,0,1,0,1,1,0,B6++
Campylobacter_fetus_subsp_fetus_82_40,1,1,1,0,0,1,0,0,0,0,0,1,1,0,1,1,None
Campylobacter_gracilis_RM3268,1,0,1,0,1,1,0,1,0,1,0,1,0,0,1,0,B6++
Campylobacter_hominis_ATCC_BAA_381,1,0,1,0,1,0,0,1,0,1,0,1,0,1,1,0,B6++
Campylobacter_hyointestinalis_subsp_hyointestinalis_LMG_9260,1,0,1,0,1,1,0,1,0,1,0,1,0,0,1,0,B6++
Campylobacter_jejuni_jejuni_81_176,0,0,1,0,0,0,0,0,1,1,0,1,1,1,1,1,B3+
Campylobacter_jejuni_jejuni_ICDCCJ07004,0,0,1,0,0,0,0,0,1,1,0,1,1,1,1,1,B3+
Campylobacter_jejuni_jejuni_M1,0,0,1,0,0,0,0,0,1,1,0,1,1,1,1,1,B3+
Campylobacter_jejuni_jejuni_NCTC_11168,0,0,1,0,0,0,0,0,1,1,0,1,1,1,1,1,B3+
Campylobacter_lari_RM2100,1,1,1,0,0,1,0,1,0,0,0,1,1,0,1,0,None
Campylobacter_rectus_RM3267,1,0,1,0,1,1,0,1,0,1,0,1,0,0,1,0,B6++
Campylobacter_showae_CSUNSWCD,1,0,1,0,1,1,0,1,0,1,0,1,0,0,1,0,B6++
Campylobacter_upsaliensis_JV21,0,0,1,0,1,0,0,0,0,1,0,1,0,1,0,1,B6+
Candidatus_Nitrososphaera_gargensis_Ga9_2,1,1,0,0,0,1,0,1,0,0,1,0,1,0,1,0,None
Capnocytophaga_granulosa_ATCC_51502,1,0,1,1,0,0,0,1,0,1,0,0,1,1,1,0,B1+B3+B5+
Capnocytophaga_ochracea_DSM_7271,1,0,1,1,0,0,0,1,0,1,0,0,1,1,1,0,B1+B3+B5+
Capnocytophaga_sputigena_ATCC_33612,1,0,1,1,0,0,0,1,0,1,0,0,1,1,1,0,B1+B3+B5+
Catenibacterium_mitsuokai_DSM_15897,0,1,0,1,1,0,0,0,1,0,1,0,0,1,0,0,B6+
Cedecea_davisae_DSM_4568,1,0,0,0,0,0,0,0,0,1,1,1,1,1,1,1,B1
Cellulosilyticum_lentocellum_DSM_5427,1,1,1,0,0,1,0,1,0,0,0,1,1,0,1,0,None
Cellulosimicrobium_cellulans_J36,1,1,1,0,0,1,0,0,0,0,0,0,1,0,1,1,None
Cetobacterium_somerae_ATCC_BAA_47401,1,0,1,1,0,1,0,1,0,1,0,0,1,0,1,0,B1+B3+B5+
Citrobacter_amalonaticus_Y19,0,0,0,0,0,0,0,0,1,1,1,1,1,1,1,1,()
Citrobacter_freundii_ATCC_8090,1,0,0,0,0,0,0,0,0,1,1,1,1,1,1,1,B1
Citrobacter_freundii_UCI_31,1,0,0,0,0,0,0,0,0,1,1,1,1,1,1,1,B1
Citrobacter_koseri_ATCC_BAA_895,0,0,0,0,0,0,0,0,1,1,1,1,1,1,1,1,()
Citrobacter_sp_30_2,0,0,0,0,0,0,0,0,1,1,1,1,1,1,0,1,()
Citrobacter_youngae_ATCC_29220,0,0,0,0,0,0,0,0,1,1,1,1,1,1,0,1,()
Cloacibacillus_evryensis_DSM_19522,1,0,1,0,0,1,0,1,0,1,0,1,1,0,1,0,None
Clostridiales_sp_1_7_47FAA,0,0,1,1,1,0,0,0,0,1,0,0,0,1,0,1,B6+
Clostridium_acetobutylicum_ATCC_824,1,1,0,0,0,1,0,1,0,0,1,1,1,0,1,0,None
Clostridium_asparagiforme_DSM_15981,0,1,1,1,1,0,0,0,1,0,0,0,0,0,0,0,B6+
Clostridium_bartlettii_DSM_16795,0,0,1,1,0,0,0,0,0,1,0,0,1,0,0,0,B3+
Clostridium_beijerinckii_NCIMB_8052,1,1,0,0,0,0,0,1,0,0,1,1,1,1,1,0,None
Clostridium_bifermentans_ATCC_19299,1,1,1,1,0,0,0,1,0,0,0,0,1,1,1,0,B1+B3+B5+
Clostridium_bolteae_ATCC_BAA_613,0,0,0,1,1,0,0,0,1,1,1,0,0,1,0,1,B6+
Clostridium_botulinum_A_str_ATCC_19397,1,0,0,0,0,0,0,0,0,1,1,1,1,1,1,1,B1
Clostridium_botulinum_A_str_ATCC_3502,1,0,0,0,0,0,0,0,0,1,1,1,1,1,1,1,B1
Clostridium_botulinum_A_str_Hall,1,0,0,0,0,0,0,0,0,1,1,1,1,1,1,1,B1
Clostridium_botulinum_Bf,1,0,0,0,0,0,0,0,0,1,1,1,1,1,1,1,B1
Clostridium_botulinum_E1_str_BoNT_E_Beluga,1,0,1,0,0,1,0,1,0,1,0,1,1,0,1,0,None
Clostridium_botulinum_F_str_230613,1,0,0,0,0,0,0,0,0,1,1,1,1,1,1,1,B1
Clostridium_butyricum_DSM_10702,0,0,0,0,0,0,0,0,1,1,1,1,1,1,1,1,()
Clostridium_butyricum_E4_str_BoNT_E_BL5262,0,0,0,0,0,0,0,0,1,1,1,1,1,1,1,1,()
Clostridium_cadaveris_AGR2141,1,1,1,1,0,1,0,1,0,0,0,0,1,0,1,0,B1+B3+B5+
Clostridium_celatum_DSM_1785,1,1,0,0,1,0,0,1,0,0,1,1,0,1,1,0,B6++
Clostridium_cellobioparum_DSM_1351,1,1,0,0,0,0,0,1,0,0,1,1,1,1,1,0,None
Clostridium_citroniae_WAL_17108,1,1,1,0,1,1,0,1,0,0,0,1,0,0,1,0,B6++
Clostridium_clariflavum_DSM_19732,1,1,0,0,0,1,0,1,0,0,1,1,1,0,1,0,None
Clostridium_clostridioforme_CM201,1,1,0,1,1,1,0,1,0,0,1,0,0,0,1,0,B6++
Clostridium_difficile_CD196,0,0,0,1,1,0,0,0,1,1,1,0,0,1,1,1,B6+
Clostridium_difficile_NAP07,0,0,0,0,1,0,0,0,0,1,1,1,0,1,0,1,B6
Clostridium_difficile_NAP08,0,0,0,0,1,0,0,0,0,1,1,1,0,1,0,1,B6
Clostridium_difficile_R20291,0,0,0,1,1,0,0,0,1,1,1,0,0,1,1,1,B6+
Clostridium_glycolicum_ATCC_14880,1,1,0,0,0,1,0,1,0,0,1,1,1,0,1,0,None
Clostridium_hathewayi_12489931,1,1,1,0,1,1,0,1,0,0,0,1,0,0,1,0,B6++
Clostridium_hathewayi_DSM_13479,1,1,1,0,1,1,0,1,0,0,0,1,0,0,1,0,B6++
Clostridium_hiranonis_TO_931_DSM_13275,0,0,0,0,1,0,0,0,1,1,1,1,0,1,0,0,B6
Clostridium_hylemonae_DSM_15053,0,1,0,1,1,0,0,0,1,0,1,0,0,1,0,0,B6+
Clostridium_indolis_DSM_755,1,1,1,0,1,1,0,1,0,0,0,1,0,0,1,0,B6++
Clostridium_innocuum_2959,1,1,0,1,1,1,0,1,0,0,1,0,0,0,1,0,B6++
Clostridium_leptum_DSM_753,0,1,0,0,0,0,0,0,1,0,1,0,1,1,0,0,B2+
Clostridium_methoxybenzovorans_SR3,1,1,1,0,1,1,0,1,0,0,0,1,0,0,1,0,B6++
Clostridium_methylpentosum_R2_DSM_5476,0,1,1,0,0,0,0,0,1,0,0,1,1,1,0,0,None
Clostridium_nexile_DSM_1787,0,1,0,1,1,0,0,0,1,0,1,0,0,1,0,0,B6+
Clostridium_paraputrificum_AGR2156,1,1,1,0,1,0,0,1,0,0,0,1,0,1,1,0,B6++
Clostridium_perfringens_ATCC_13124,0,0,1,1,0,0,0,0,1,1,0,0,1,1,1,1,B3+
Clostridium_ramosum_VPI_0427_DSM_1402,0,1,0,1,1,0,0,0,1,0,1,0,0,1,0,1,B6+
Clostridium_saccharogumia_DSM_17460,1,1,0,0,1,1,0,1,0,0,1,1,0,0,1,0,None
Clostridium_saccharoperbutylacetonicum_N1_4_HMT,1,1,0,0,0,0,0,1,0,0,1,1,1,1,1,0,None
Clostridium_sartagoforme_AAU1,1,1,1,0,1,1,0,1,0,0,0,1,0,0,1,0,B6++
Clostridium_scindens_ATCC_35704,0,1,0,1,1,0,0,0,0,0,1,0,0,1,0,1,B6+
Clostridium_sordellii_ATCC_9714,1,1,1,1,1,1,0,1,0,0,0,0,0,0,1,0,B6++
Clostridium_spiroforme_DSM_1552,0,1,0,1,1,0,0,0,1,0,1,0,0,1,0,0,B6+
Clostridium_sporosphaeroides_DSM_1294,1,1,1,0,1,1,0,1,0,0,0,1,0,0,1,0,B6++
Clostridium_sp_7_2_43FAA,0,1,1,1,0,0,0,0,0,0,0,0,1,0,0,0,None
Clostridium_sp_L2_50,0,0,1,0,0,0,0,0,1,1,0,1,1,1,0,0,B3+
Clostridium_sp_M62_1,0,0,1,1,1,0,0,0,1,1,0,0,0,1,0,0,B6+
Clostridium_sp_SS2_1,0,0,0,0,0,0,0,0,1,1,1,1,1,1,0,0,()
Clostridium_sp_SY8519,0,0,0,0,1,0,0,1,1,1,1,1,0,1,1,0,None
Clostridium_sticklandii_DSM_519,1,1,0,0,0,0,0,1,0,0,1,1,1,1,1,0,None
Clostridium_symbiosum_ATCC_14940,1,1,0,1,1,1,0,1,0,0,1,0,0,0,1,0,B6++
Clostridium_symbiosum_WAL_14163,0,0,0,0,1,0,0,0,1,1,1,0,0,1,0,0,B6
Clostridium_symbiosum_WAL_14673,0,0,0,0,1,0,0,0,1,1,1,0,0,1,0,0,B6
Clostridium_tyrobutyricum_DSM_2637,1,1,0,0,0,1,0,1,0,0,1,1,1,0,1,0,None
Clostridium_viride_DSM_6836,1,1,0,0,0,1,0,1,0,0,1,1,1,0,1,0,None
Collinsella_aerofaciens_ATCC_25986,0,1,1,1,0,0,0,0,0,0,0,0,1,1,0,0,None
Collinsella_intestinalis_DSM_13280,0,1,1,1,1,0,0,0,0,0,0,0,0,1,0,0,B6+
Collinsella_stercoris_DSM_13279,0,1,1,1,1,0,0,0,0,0,0,0,0,1,0,0,B6+
Collinsella_tanakaei_YIT_12063,1,1,1,1,1,1,0,1,0,0,0,0,0,0,1,0,B6++
Comamonas_testosteroni_CNB_2,1,0,0,0,0,0,0,1,0,1,1,1,1,1,1,0,K+
Coprobacillus_sp_29_1,0,0,1,1,1,0,0,0,1,1,0,0,0,1,0,0,B6+
Coprobacillus_sp_D7,0,1,1,1,0,0,0,0,1,0,0,0,1,1,0,0,None
Coprococcus_catus_GD_7,1,0,0,1,1,1,0,1,0,1,1,0,0,0,1,0,B6++
Coprococcus_comes_ATCC_27758,0,0,0,0,0,0,0,0,1,1,1,1,1,1,0,0,()
Coprococcus_eutactus_ATCC_27759,0,0,1,0,0,0,0,0,0,1,0,1,1,1,0,0,B3+
Corynebacterium_ammoniagenes_DSM_20306,1,0,0,0,0,0,0,0,0,1,1,1,1,1,1,1,B1
Corynebacterium_amycolatum_SK46,1,0,0,0,0,1,0,1,0,1,1,1,1,0,1,0,B9+
Corynebacterium_aurimucosum_ATCC_700975,1,0,1,0,0,0,0,0,0,1,0,1,1,1,1,1,None
Corynebacterium_durum_F0235,1,0,1,0,0,1,0,0,0,1,0,1,1,0,1,1,None
Corynebacterium_glucuronolyticum_ATCC_51867,1,0,1,1,0,0,0,1,0,1,0,0,1,1,1,0,B1+B3+B5+
Corynebacterium_kroppenstedtii_DSM_44385,1,0,1,0,0,1,0,1,0,1,0,1,1,0,1,0,None
Corynebacterium_propinquum_DSM_44285,1,0,1,0,0,1,0,1,0,1,0,1,1,0,1,0,None
Corynebacterium_striatum_ATCC_6940,1,0,0,0,0,0,0,0,0,1,1,1,1,1,1,1,B1
Corynebacterium_tuberculostearicum_SK141,1,0,1,0,0,0,0,0,0,1,0,1,1,1,1,1,None
Corynebacterium_ulcerans_809,1,1,1,0,0,1,0,0,0,0,0,1,1,0,1,1,None
Corynebacterium_ureicelerivorans,1,0,1,0,0,0,0,1,0,1,0,1,1,1,1,0,None
Cronobacter_sakazakii_ATCC_BAA_894,1,0,0,0,0,1,0,0,0,1,1,1,1,0,1,1,B9+
Cryptobacterium_curtum_DSM_15641,1,1,1,1,0,1,0,0,0,0,0,0,1,0,1,1,B1+B3+B5+
Curtobacterium_flaccumfaciens_UCD_AKU,1,0,0,1,0,1,0,0,0,1,1,0,1,0,1,1,B5++
Delftia_acidovorans_SPH_1,1,0,0,0,0,0,0,1,0,1,1,1,1,1,1,0,K+
Dermacoccus_nishinomiyaensis,1,0,1,0,0,1,0,1,0,1,0,1,1,0,1,0,None
Desulfovibrio_desulfuricans_subsp_desulfuricans_DSM_642,0,0,0,0,0,0,0,1,1,1,1,1,1,1,1,0,K+
Desulfovibrio_piger_ATCC_29098,0,0,0,0,0,0,0,0,1,1,1,1,1,1,0,1,()
Desulfovibrio_sp_3_1_syn3,0,0,0,0,0,0,0,0,1,1,1,1,1,1,0,1,()
Dialister_invisus_DSM_15470,1,1,1,1,1,1,0,1,0,0,0,0,0,0,1,0,B6++
Dialister_succinatiphilus_YIT_11850,1,0,1,0,1,1,0,1,0,1,0,1,0,0,1,0,B6++
Dietzia_cinnamea_P4,1,0,0,0,0,1,0,1,0,1,1,1,1,0,1,0,B9+
Dorea_formicigenerans_ATCC_27755,1,0,0,1,0,0,0,0,0,1,1,0,1,1,1,1,B5++
Dorea_longicatena_DSM_13814,0,0,0,0,0,0,0,0,1,1,1,1,1,1,0,0,()
Dyadobacter_beijingensis_DSM_21582,1,0,0,0,0,0,0,0,0,1,1,1,1,1,1,1,B1
Dyadobacter_fermentans_DSM_18053,1,0,0,0,0,0,0,1,0,1,1,1,1,1,1,0,K+
Dysgonomonas_gadei_ATCC_BAA_286,1,0,0,0,0,0,0,1,0,1,1,1,1,1,1,0,K+
Edwardsiella_tarda_ATCC_23685,0,0,1,0,0,0,0,0,0,1,0,1,1,1,0,1,B3+
Edwardsiella_tarda_FL6_60,0,0,1,0,0,0,0,0,1,1,0,1,1,1,1,1,B3+
Eggerthella_lenta_DSM_2243,1,1,1,1,0,1,0,0,0,0,0,0,1,0,1,1,B1+B3+B5+
Eggerthella_sp_1_3_56FAA,0,1,1,0,0,0,0,0,0,0,0,1,1,1,0,1,None
Eggerthella_sp_YY7918,1,1,1,1,1,1,0,0,0,0,0,0,0,0,1,1,B6++
Eggerthia_catenaformis_OT_569,1,1,1,1,1,1,0,1,0,0,0,0,0,0,1,0,B6++
Eikenella_corrodens_ATCC_23834,1,0,0,0,0,0,0,0,0,1,1,1,1,1,1,1,B1
Enterobacteriaceae_bacterium_9_2_54FAA,0,0,0,0,0,0,0,0,1,1,1,1,1,1,0,1,()
Enterobacter_aerogenes_KCTC_2190,0,0,0,0,0,0,0,0,1,1,1,1,1,1,1,1,()
Enterobacter_asburiae_LF7a,1,0,0,0,0,0,0,0,0,1,1,1,1,1,1,1,B1
Enterobacter_cancerogenus_ATCC_35316,0,0,0,0,0,0,0,0,1,1,1,1,1,1,0,1,()
Enterobacter_cloacae_EcWSU1,0,0,0,0,0,0,0,0,1,1,1,1,1,1,1,1,()
Enterobacter_hormaechei_YT2,1,0,0,0,0,1,0,0,0,1,1,1,1,0,1,1,B9+
Enterobacter_hormaechei_YT3,1,0,0,0,0,1,0,0,0,1,1,1,1,0,1,1,B9+
Enterococcus_asini_ATCC_700915,1,1,1,1,1,1,0,1,0,0,0,0,0,0,1,0,B6++
Enterococcus_avium_ATCC_14025,1,1,1,0,1,1,0,1,0,0,0,1,0,0,1,0,B6++
Enterococcus_caccae_ATCC_BAA_1240,1,1,1,1,1,1,0,0,0,0,0,0,0,0,1,1,B6++
Enterococcus_casseliflavus_ATCC_12755,1,1,1,0,1,1,0,1,0,0,0,1,0,0,1,0,B6++
Enterococcus_cecorum_DSM_20682,1,1,1,0,1,1,0,1,0,0,0,1,0,0,1,0,B6++
Enterococcus_dispar_ATCC_51266,1,1,1,1,1,1,0,1,0,0,0,0,0,0,1,0,B6++
Enterococcus_durans_ATCC_6056,1,1,0,1,0,1,0,1,0,0,1,0,1,0,1,0,B5++
Enterococcus_faecalis_OG1RF_ATCC_47077,1,1,1,1,0,1,0,0,0,0,0,0,1,0,1,1,B1+B3+B5+
Enterococcus_faecalis_TX0104,0,1,1,0,1,0,0,0,1,0,0,1,0,1,0,1,B6+
Enterococcus_faecalis_TX1322,0,1,1,0,1,0,0,0,1,0,0,1,0,1,0,1,B6+
Enterococcus_faecalis_TX2134,0,1,1,0,1,0,0,0,1,0,0,1,0,1,0,1,B6+
Enterococcus_faecalis_V583,1,1,1,0,1,1,0,0,0,0,0,1,0,0,1,0,B6++
Enterococcus_faecium_TX1330,0,1,1,1,1,0,0,0,1,0,0,0,0,1,0,1,B6+
Enterococcus_gallinarum_EG2,1,1,1,0,1,0,0,1,0,0,0,1,0,1,1,0,B6++
Enterococcus_hirae_ATCC_9790,1,1,1,1,0,1,0,1,0,0,0,0,1,0,1,0,B1+B3+B5+
Enterococcus_phoeniculicola_ATCC_BAA_412,0,1,1,1,1,1,0,1,1,0,0,0,0,0,1,0,B6++
Enterococcus_saccharolyticus_DSM8903,1,1,0,0,0,1,0,1,0,0,1,1,1,0,1,0,None
Enterococcus_sp_7L76,0,1,1,1,1,0,0,0,1,0,0,0,0,1,0,1,B6+
Erysipelotrichaceae_bacterium_5_2_54FAA,0,1,1,1,1,0,0,0,1,0,0,0,0,0,0,0,B6+
Erysipelotrichaceae_bacterium_sp_3_1_53,0,0,1,1,1,0,0,0,0,1,0,0,0,1,0,0,B6+
Escherichia_albertii_KF1,1,0,0,0,0,0,0,0,0,1,1,1,1,1,1,1,B1
Escherichia_albertii_TW07627,1,0,0,0,0,0,0,0,0,1,1,1,1,1,1,1,B1
Escherichia_coli_O157_H7_str_Sakai,0,0,0,0,0,0,0,0,0,1,1,1,1,1,0,1,()
Escherichia_coli_SE11,0,0,0,0,0,0,0,0,1,1,1,1,1,1,1,1,()
Escherichia_coli_str_K_12_substr_MG1655,0,0,0,0,0,0,0,0,0,1,1,1,1,1,0,1,()
Escherichia_coli_UTI89_UPEC,0,0,0,0,0,0,0,0,0,1,1,1,1,1,0,1,()
Escherichia_fergusonii_ATCC_35469,1,0,0,0,0,0,0,0,0,1,1,1,1,1,1,1,B1
Escherichia_hermannii_NBRC_105704,1,0,0,0,0,1,0,0,0,1,1,1,1,0,1,1,B9+
Escherichia_sp_1_1_43,0,1,1,0,1,0,0,0,0,0,0,1,0,1,0,1,B6+
Escherichia_sp_3_2_53FAA,0,0,0,0,0,0,0,0,0,1,1,1,1,1,0,1,()
Escherichia_sp_4_1_40B,0,0,0,0,0,0,0,0,0,1,1,1,1,1,0,1,()
Eubacterium_biforme_DSM_3989,0,0,1,1,1,0,0,0,0,1,0,0,0,1,0,0,B6+
Eubacterium_brachy_ATCC_33089,1,1,0,1,0,1,0,1,0,0,1,0,1,0,1,0,B5++
Eubacterium_cellulosolvens_6,1,1,0,0,1,1,0,1,0,0,1,1,0,0,1,0,None
Eubacterium_cylindroides_T2_87,1,1,0,1,0,1,0,1,0,0,1,0,1,0,1,0,B5++
Eubacterium_desmolans_ATCC_43058,1,1,1,1,1,1,0,1,0,0,0,0,0,0,1,0,B6++
Eubacterium_dolichum_DSM_3991,0,1,1,0,1,0,0,0,0,0,0,0,0,0,0,0,B6+
Eubacterium_eligens_ATCC_27750,1,0,0,0,0,0,0,0,0,1,1,1,1,1,1,1,B1
Eubacterium_hallii_DSM_3353,0,0,0,0,0,0,0,0,1,1,1,1,1,1,0,1,()
Eubacterium_hallii_L2_7,1,0,0,0,0,1,0,1,0,1,1,1,1,0,1,0,B9+
Eubacterium_limosum_KIST612,1,1,0,0,0,1,0,1,0,0,1,1,1,0,1,0,None
Eubacterium_ramulus_ATCC_29099,1,1,0,0,0,1,0,1,0,0,1,1,1,0,1,0,None
Eubacterium_rectale_ATCC_33656,0,0,0,0,0,1,0,0,1,1,1,1,1,0,1,1,B9+
Eubacterium_rectale_M104_1,0,0,0,0,0,0,0,0,1,1,1,1,1,1,0,1,()
Eubacterium_saphenum_ATCC_49989,1,1,1,1,0,1,0,1,0,0,0,0,1,0,1,0,B1+B3+B5+
Eubacterium_siraeum_70_3,0,1,0,0,0,0,0,0,1,0,1,0,1,1,0,0,B2+
Eubacterium_siraeum_DSM_15702,0,1,0,0,0,0,0,0,1,0,1,0,1,1,0,0,B2+
Eubacterium_sulci_ATCC_35585,1,1,0,1,1,1,0,1,0,0,1,0,0,0,1,0,B6++
Eubacterium_ventriosum_ATCC_27560,0,1,0,0,0,0,0,0,1,0,1,1,1,1,0,1,B2+
Exiguobacterium_aurantiacum_DSM_6208,1,1,0,0,0,0,0,0,0,0,1,1,1,1,1,1,B2+
Faecalibacterium_cf_prausnitzii_KLE1255,0,1,1,1,1,0,0,0,0,0,0,0,0,0,0,0,B6+
Faecalibacterium_prausnitzii_A2_165,1,1,1,0,1,1,0,0,0,0,0,1,0,0,1,1,B6++
Faecalibacterium_prausnitzii_L2_6,0,1,1,1,1,0,0,0,1,0,0,0,0,0,0,0,B6+
Faecalibacterium_prausnitzii_M21_2,1,1,1,0,1,1,0,0,0,0,0,1,0,0,1,1,B6++
Faecalibacterium_prausnitzii_SL3_3,1,1,1,0,1,1,0,0,0,0,0,1,0,0,1,1,B6++
Filifactor_alocis_ATCC_35896,1,1,0,1,0,1,0,1,0,0,1,0,1,0,1,0,B5++
Finegoldia_magna_ATCC_29328,1,1,1,0,0,0,0,1,0,0,0,1,1,1,1,0,None
Flavonifractor_plautii_ATCC_29863,1,1,1,0,1,1,0,1,0,0,0,1,0,0,1,0,B6++
Fusobacterium_gonidiaformans_3_1_5R,0,0,1,1,0,0,0,0,0,1,0,0,1,1,0,1,B3+
Fusobacterium_gonidiaformans_ATCC_25563,0,0,1,1,0,0,0,0,0,1,0,0,1,1,0,0,B3+
Fusobacterium_mortiferum_ATCC_9817,0,0,0,1,0,0,0,0,0,1,1,0,1,0,0,1,None
Fusobacterium_necrophorum_D12,0,0,0,1,0,0,0,0,0,1,1,0,1,1,0,1,None
Fusobacterium_nucleatum_subsp_animalis_3_1_33,0,0,0,1,0,0,0,0,0,1,1,0,1,1,0,0,None
Fusobacterium_nucleatum_subsp_animalis_7_1,0,0,0,1,0,0,0,0,0,1,1,0,1,1,0,1,None
Fusobacterium_nucleatum_subsp_animalis_D11,0,0,0,1,0,0,0,0,0,1,1,0,1,1,0,0,None
Fusobacterium_nucleatum_subsp_nucleatum_ATCC_25586,1,0,0,1,0,1,0,1,0,1,1,0,1,0,1,0,B5++
Fusobacterium_nucleatum_subsp_vincentii_3_1_27,0,0,0,1,0,0,0,0,0,1,1,0,1,1,0,1,None
Fusobacterium_nucleatum_subsp_vincentii_3_1_36A2,1,0,0,1,0,0,0,1,0,1,1,0,1,1,1,0,B5++
Fusobacterium_nucleatum_subsp_vincentii_4_1_13,0,0,0,1,0,0,0,0,0,1,1,0,1,1,0,1,None
Fusobacterium_periodonticum_1_1_41FAA,0,0,0,1,0,0,0,0,1,1,1,0,1,1,0,0,None
Fusobacterium_periodonticum_2_1_31,0,0,0,1,0,0,0,0,0,1,1,0,1,1,0,0,None
Fusobacterium_russii_ATCC_25533,1,0,0,1,1,1,0,1,0,1,1,0,0,0,1,0,B6++
Fusobacterium_sp_4_8,1,0,0,1,0,1,0,1,0,1,1,0,1,0,1,0,B5++
Fusobacterium_ulcerans_ATCC_49185,0,0,0,1,0,0,0,0,0,1,1,0,1,1,0,0,None
Fusobacterium_varium_ATCC_27725,0,0,0,1,0,0,0,0,0,1,1,0,1,1,0,1,None
Gemella_haemolysans_ATCC_10379,1,1,1,1,1,1,0,1,0,0,0,0,0,0,1,0,B6++
Gemella_morbillorum_M424,1,1,1,1,1,1,0,1,0,0,0,0,0,0,1,0,B6++
Gemella_sanguinis_ATCC700632,1,1,1,1,1,1,0,1,0,0,0,0,0,0,1,0,B6++
Gemella_sanguinis_M325,0,1,1,1,1,1,0,1,1,0,0,0,0,0,1,0,B6++
Geobacillus_stearothermophilus_ATCC_7953,1,1,0,0,0,0,0,0,0,0,1,1,1,1,1,1,B2+
Geobacillus_vulcani_PSS1,1,1,0,0,0,0,0,1,0,0,1,1,1,1,1,0,None
Gordonia_rubripertincta_NBRC_101908,1,0,0,0,0,0,0,1,0,1,1,1,1,1,1,0,K+
Gordonia_terrae_C_6,1,0,0,0,0,1,0,1,0,1,1,1,1,0,1,0,B9+
Gordonia_terrae_NBRC_100016,1,0,0,0,0,1,0,1,0,1,1,1,1,0,1,0,B9+
Gordonibacter_pamelaeae_7_10_1_bT_DSM_19378,0,1,1,1,0,0,0,0,1,0,0,0,1,1,0,1,None
Granulicatella_adiacens_ATCC_49175,1,1,1,1,1,1,0,1,0,0,0,0,0,0,1,0,B6++
Granulicatella_elegans_ATCC_700633,1,1,1,1,1,1,0,1,0,0,0,0,0,0,1,0,B6++
Grimontia_hollisae_CIP_101886,1,0,0,1,0,1,0,0,0,1,1,0,1,0,1,1,B5++
Haemophilus_haemolyticus_M19501,1,0,1,1,0,1,0,0,0,1,0,0,1,0,1,1,B1+B3+B5+
Haemophilus_influenzae_R2846,1,0,1,1,0,1,0,0,0,1,0,0,1,0,1,1,B1+B3+B5+
Haemophilus_parainfluenzae_T3T1,1,0,0,1,0,0,0,0,0,1,1,0,1,1,1,1,B5++
Haemophilus_sputorum_CCUG_13788,1,0,1,1,0,1,0,0,0,1,0,0,1,0,1,1,B1+B3+B5+
Hafnia_alvei_ATCC_51873,1,0,0,0,0,0,0,0,0,1,1,1,1,1,1,1,B1
Hafnia_alvei_BIDMC_31,1,0,0,0,0,0,0,0,0,1,1,1,1,1,1,1,B1
Halococcus_morrhuae_DSM1307,1,1,0,1,0,1,0,1,0,0,1,0,1,0,1,0,B5++
Helicobacter_bilis_ATCC_43879,0,0,1,0,1,0,0,0,1,1,0,1,0,1,0,1,B6+
Helicobacter_canadensis_MIT_98_5491,1,0,0,0,1,1,0,1,0,1,1,1,0,0,1,0,None
Helicobacter_cinaedi_CCUG_18818,0,0,0,0,1,0,0,0,0,1,1,1,0,1,0,1,B6
Helicobacter_pullorum_MIT_98_5489,0,0,0,0,1,0,0,0,0,1,1,1,0,1,0,1,B6
Helicobacter_pylori_26695,0,0,0,0,1,0,0,0,0,1,1,1,0,1,0,1,B6
Helicobacter_winghamensis_ATCC_BAA_430,0,0,0,0,1,0,0,0,0,1,1,1,0,1,0,1,B6
Holdemania_filiformis_VPI_J1_31B_1_DSM_12042,0,1,1,1,1,0,0,0,0,0,0,0,0,0,0,0,B6+
Kallipyga_massiliensis_ph2,1,0,1,1,1,1,0,1,0,1,0,0,0,0,1,0,B6++
Kandleria_vitulina_DSM_20405,1,1,0,1,1,1,0,1,0,0,1,0,0,0,1,0,B6++
Kingella_oralis_ATCC_51147,1,0,1,0,0,1,0,1,0,1,0,1,1,0,1,0,None
Klebsiella_oxytoca_KCTC_1686,1,1,0,0,0,0,0,0,0,0,1,1,1,1,1,1,B2+
Klebsiella_pneumoniae_pneumoniae_MGH78578,0,0,0,0,0,0,0,0,1,1,1,1,1,1,0,1,()
Klebsiella_sp_1_1_55,0,0,0,0,0,0,0,0,1,1,1,1,1,1,0,1,()
Kluyvera_ascorbata_ATCC_33433,1,0,0,0,0,0,0,0,0,1,1,1,1,1,1,1,B1
Kocuria_palustris_PEL,1,1,1,0,0,1,0,1,0,0,0,1,1,0,1,0,None
Kocuria_rhizophila_DC2201,1,0,0,0,0,1,0,1,0,1,1,1,1,0,1,0,B9+
Kurthia_massiliensis_JC30,1,1,1,0,0,0,0,1,0,0,0,1,1,1,1,0,None
Kytococcus_sedentarius_DSM_20547,1,0,0,1,0,0,0,1,0,1,1,0,1,1,1,0,B5++
Lachnospiraceae_bacterium_sp_5_1_63FAA,0,0,0,0,0,0,0,0,1,1,1,1,1,1,0,0,()
Lachnospiraceae_bacterium_sp_8_1_57FAA,0,0,0,0,1,0,0,0,1,1,1,1,0,1,0,0,B6
Lachnospira_multipara_ATCC_19207,1,1,0,0,0,1,0,1,0,0,1,1,1,0,1,0,None
Lactobacillus_acidophilus_ATCC_4796,0,1,1,1,0,0,0,0,0,0,0,0,1,1,0,1,None
Lactobacillus_acidophilus_NCFM,0,1,1,1,0,1,0,0,1,0,0,0,1,0,1,1,None
Lactobacillus_amylolyticus_DSM_11664,0,1,1,1,1,0,0,0,0,0,0,0,0,1,0,1,B6+
Lactobacillus_amylovorus_GRL_1112,1,1,1,1,1,0,0,1,0,0,0,0,0,1,1,0,B6++
Lactobacillus_animalis_KCTC_3501,1,1,1,1,1,1,0,1,0,0,0,0,0,0,1,0,B6++
Lactobacillus_antri_DSM_16041,0,0,1,1,1,0,0,0,1,1,0,0,0,1,0,1,B6+
Lactobacillus_brevis_ATCC_367,0,0,1,1,1,0,0,0,0,1,0,0,0,0,0,0,B6+
Lactobacillus_brevis_subsp_gravesensis_ATCC_27305,0,1,1,1,0,0,0,0,0,0,0,0,1,1,0,1,None
Lactobacillus_buchneri_ATCC_11577,0,1,1,1,0,0,0,0,1,0,0,0,1,1,0,1,None
Lactobacillus_casei_ATCC_334,0,1,1,1,1,0,0,0,0,0,0,0,0,1,0,1,B6+
Lactobacillus_casei_casei_BL23,0,1,1,1,1,0,0,0,0,0,0,0,0,1,0,1,B6+
Lactobacillus_coleohominis_101_4_CHN,1,1,1,1,1,1,0,1,0,0,0,0,0,0,1,0,B6++
Lactobacillus_coryniformis_subsp_coryniformis_CECT_5711,1,1,1,1,1,1,0,1,0,0,0,0,0,0,1,0,B6++
Lactobacillus_crispatus_125_2_CHN,0,0,1,1,1,0,0,0,0,1,0,0,0,1,0,0,B6+
Lactobacillus_curvatus_CRL_705,1,1,1,1,0,1,0,1,0,0,0,0,1,0,1,0,B1+B3+B5+
Lactobacillus_delbrueckii_subsp_bulgaricus_ATCC_11842,0,1,1,1,1,0,0,0,1,0,0,0,0,1,1,0,B6+
Lactobacillus_delbrueckii_subsp_bulgaricus_ATCC_BAA_365,0,1,1,1,1,0,0,0,0,0,0,0,0,1,0,1,B6+
Lactobacillus_fermentum_ATCC_14931,1,0,1,0,0,0,0,0,0,1,0,0,1,1,0,1,B3+
Lactobacillus_fermentum_IFO_3956,1,0,1,1,0,0,0,0,0,1,0,0,1,1,1,1,B1+B3+B5+
Lactobacillus_gasseri_ATCC_33323,0,1,1,1,1,1,0,0,1,0,0,0,0,0,1,1,B6++
Lactobacillus_gastricus_PS3,0,1,1,1,1,1,0,1,1,0,0,0,0,0,1,0,B6++
Lactobacillus_helveticus_DSM_20075,0,1,1,0,1,0,0,0,0,0,0,0,0,1,0,0,B6+
Lactobacillus_hilgardii_ATCC_8290,0,1,1,1,0,0,0,0,1,0,0,0,1,1,0,1,None
Lactobacillus_iners_DSM_13335,1,1,1,1,1,1,0,1,0,0,0,0,0,0,1,0,B6++
Lactobacillus_jensenii_1153,1,1,1,1,0,1,0,1,0,0,0,0,1,0,1,0,B1+B3+B5+
Lactobacillus_johnsonii_DPC_6026,0,1,1,1,1,1,0,0,1,0,0,0,0,0,1,1,B6++
Lactobacillus_johnsonii_NCC_533,0,1,1,1,1,1,0,0,1,0,0,0,0,0,1,0,B6++
Lactobacillus_mucosae_LM1,0,1,1,1,1,1,0,1,1,0,0,0,0,0,1,0,B6++
Lactobacillus_oris_F0423,0,1,1,1,1,1,0,1,1,0,0,0,0,0,1,0,B6++
Lactobacillus_paracasei_subsp_paracasei_8700_2,0,1,1,1,1,0,0,0,0,0,0,0,0,1,0,1,B6+
Lactobacillus_paracasei_subsp_paracasei_ATCC_25302,0,1,1,1,1,0,0,0,0,0,0,0,0,1,0,1,B6+
Lactobacillus_pentosus_KCA1,0,1,1,1,1,1,0,0,1,0,0,0,0,0,1,1,B6++
Lactobacillus_plantarum_JDM1,0,1,1,1,1,0,0,0,1,0,0,0,0,1,1,1,B6+
Lactobacillus_plantarum_subsp_plantarum_ATCC_14917,0,0,1,1,0,0,0,0,0,1,0,0,1,1,0,1,B3+
Lactobacillus_plantarum_WCFS1,0,1,1,1,1,0,0,0,1,0,0,0,0,1,0,1,B6+
Lactobacillus_reuteri_CF48_3A_,0,1,1,1,1,0,0,0,0,0,0,0,0,0,1,1,B6+
Lactobacillus_reuteri_F275_JCM_1112,0,0,1,1,1,0,0,0,0,1,0,0,0,1,1,1,B6+
Lactobacillus_reuteri_MM2_3_,0,0,1,0,1,0,0,0,0,1,0,0,0,1,1,1,B6+
Lactobacillus_reuteri_MM4_1A_,0,0,1,1,0,0,0,0,0,1,0,0,1,1,1,1,B3+
Lactobacillus_reuteri_SD2112_ATCC_55730,0,1,1,1,1,0,0,0,0,0,0,0,0,0,1,1,B6+
Lactobacillus_rhamnosus_GG_ATCC_53103,1,1,1,1,1,0,0,0,0,0,0,0,0,1,1,1,B6++
Lactobacillus_rhamnosus_LMS2_1,0,1,1,1,1,0,0,0,0,0,0,0,0,1,0,1,B6+
Lactobacillus_ruminis_ATCC_25644,0,1,1,1,0,0,0,0,0,0,0,0,1,1,0,0,None
Lactobacillus_sakei_subsp_sakei_23K,1,1,1,1,1,1,0,0,0,0,0,0,0,0,1,0,B6++
Lactobacillus_salivarius_HO66_ATCC_11741,0,1,1,1,1,0,0,0,0,0,0,0,0,1,0,1,B6+
Lactobacillus_salivarius_salivarius_UCC118,0,1,1,1,1,0,0,0,0,0,0,0,0,1,0,1,B6+
Lactobacillus_ultunensis_DSM_16047,0,0,1,1,1,0,0,0,0,1,0,0,0,1,0,0,B6+
Lactobacillus_vaginalis_ATCC_49540,0,1,1,1,0,1,0,1,1,0,0,0,1,0,1,0,None
Lactococcus_garvieae_ATCC_49156,1,1,1,1,1,0,0,1,0,0,0,0,0,1,1,0,B6++
Lactococcus_lactis_subsp_lactis_Il1403,1,0,1,0,0,0,0,0,0,1,0,1,1,1,1,1,None
Lactococcus_raffinolactis_4877,1,1,0,0,1,1,0,1,0,0,1,1,0,0,1,0,None
Laribacter_hongkongensis_HLHK9,0,0,0,0,0,0,0,1,1,1,1,1,1,1,1,0,K+
Lautropia_mirabilis_ATCC_51599,1,1,0,1,0,1,0,1,0,0,1,0,1,0,1,0,B5++
Leminorella_grimontii_ATCC_33999,1,0,1,0,0,0,0,0,0,1,0,1,1,1,1,1,None
Leptotrichia_buccalis_C_1013_b,1,0,1,1,0,1,0,1,0,1,0,0,1,0,1,0,B1+B3+B5+
Leuconostoc_argentinum_KCTC_3773,1,1,1,1,0,1,0,1,0,0,0,0,1,0,1,0,B1+B3+B5+
Leuconostoc_gelidum_JB7,1,1,1,1,1,1,0,1,0,0,0,0,0,0,1,0,B6++
Leuconostoc_lactis_KACC_91922,1,1,1,1,0,1,0,1,0,0,0,0,1,0,1,0,B1+B3+B5+
Leuconostoc_mesenteroides_subsp_cremoris_ATCC_19254,0,0,1,1,0,0,0,0,1,1,0,0,1,1,0,0,B3+
Listeria_grayi_DSM_20601,0,0,1,0,0,0,0,0,1,1,0,1,1,1,0,1,B3+
Listeria_monocytogenes_4a_L99,1,1,0,0,0,0,0,0,0,0,1,1,1,1,1,1,B2+
Listeria_monocytogenes_4b_F2365,1,1,0,0,0,0,0,0,0,0,1,1,1,1,1,1,B2+
Listeria_monocytogenes_Finland_1988,1,1,0,0,0,0,0,0,0,0,1,1,1,1,1,1,B2+
Listeria_monocytogenes_FSL_R2_561,1,1,0,0,0,0,0,0,0,0,1,1,1,1,1,1,B2+
Listeria_monocytogenes_J0161_FSL_R2_499,1,1,0,0,0,0,0,0,0,0,1,1,1,1,1,1,B2+
Listeria_monocytogenes_serotype_7_SLCC_2482,1,1,0,0,0,0,0,0,0,0,1,1,1,1,1,1,B2+
Listeria_monocytogenes_SLCC_2378,1,1,0,0,0,0,0,0,0,0,1,1,1,1,1,1,B2+
Listeria_monocytogenes_SLCC_2540,1,1,0,0,0,0,0,0,0,0,1,1,1,1,1,1,B2+
Listeria_monocytogenes_SLCC_7179,1,1,0,0,0,0,0,0,0,0,1,1,1,1,1,1,B2+
Lysinibacillus_fusiformis_ZB2,1,1,0,0,0,0,0,0,0,0,1,1,1,1,1,1,B2+
Lysinibacillus_sphaericus_C3_41,1,1,0,0,0,0,0,0,0,0,1,1,1,1,1,1,B2+
Marvinbryantia_formatexigens_I_52_DSM_14469,0,1,1,1,1,0,0,0,1,0,0,0,0,1,0,0,B6+
Megamonas_funiformis_YIT_11815,1,1,0,0,0,0,0,1,0,0,1,1,1,1,1,0,None
Megamonas_hypermegale_ART12_1,0,0,0,0,0,0,0,0,1,1,1,1,1,1,0,1,()
Megasphaera_elsdenii_DSM_20460,0,0,0,1,1,0,0,0,1,1,1,0,0,1,1,1,B6+
Melainabacterium_MEL_A1,1,0,0,0,0,0,0,0,0,1,1,1,1,1,1,1,B1
Mesorhizobium_loti_MAFF303099,1,1,0,0,0,1,0,1,0,0,1,1,1,0,1,0,None
Methanobrevibacter_ruminantium_M1,1,1,0,1,1,1,0,1,0,0,1,0,0,0,1,0,B6++
Methanobrevibacter_smithii_ATCC_35061,1,0,0,1,0,0,0,0,0,1,1,0,1,1,1,1,B5++
Methanomassiliicoccus_luminyensis_B10,1,1,0,1,0,1,0,1,0,0,1,0,1,0,1,0,B5++
Methanosphaera_stadtmanae_DSM_3091,1,1,1,1,0,1,0,1,0,0,0,0,1,0,1,0,B1+B3+B5+
Methylobacterium_mesophilicum_SR1_6_6,0,0,0,0,0,0,0,1,1,1,1,1,1,1,1,0,K+
Methylobacterium_populi_BJ001,1,0,0,0,0,0,0,1,0,1,1,1,1,1,1,0,K+
Methylobacterium_radiotolerans_JCM_2831,0,0,0,0,0,1,0,1,1,1,1,1,1,0,1,0,B9+
Methyloversatilis_universalis_FAM5,1,1,0,0,0,0,0,1,0,0,1,1,1,1,1,0,None
Methyloversatilis_universalis_Fam50001,1,0,0,0,1,0,0,1,0,1,1,1,0,1,1,0,None
Microbacterium_gubbeenense_DSM_15944,1,0,0,0,0,0,0,1,0,1,1,1,1,1,1,0,K+
Microbacterium_oleivorans_NBRC_103075,1,0,0,0,0,0,0,0,0,1,1,1,1,1,1,1,B1
Microbacterium_paraoxydans_77MFTsu3_2,1,0,0,1,0,1,0,0,0,1,1,0,1,0,1,1,B5++
Micrococcus_luteus_NCTC_2665,1,0,0,0,0,0,0,0,0,1,1,1,1,1,1,1,B1
Micromonospora_aurantiaca_ATCC_27029,1,0,0,0,0,1,0,1,0,1,1,1,1,0,1,0,B9+
Mitsuokella_jalaludinii_DSM_13811,1,0,1,1,0,1,0,1,0,1,0,0,1,0,1,0,B1+B3+B5+
Mitsuokella_multacida_DSM_20544,0,0,1,1,0,0,0,0,1,1,0,0,1,1,0,1,B3+
Mobiluncus_curtisii_ATCC_43063,1,1,0,0,0,1,0,1,0,0,1,1,1,0,1,0,None
Mogibacterium_timidum_ATCC_33093,1,1,1,0,1,1,0,1,0,0,0,0,0,0,1,0,B6++
Moraxella_catarrhalis_RH4,1,1,0,0,0,1,0,1,0,0,1,1,1,0,1,0,None
Morganella_morganii_subsp_morganii_KT,1,0,1,0,0,0,0,0,0,1,0,1,1,1,1,1,None
Mycobacterium_avium_subsp_avium_ATCC_25291,0,0,0,0,0,0,0,0,1,1,1,1,1,1,1,1,()
Mycobacterium_fortuitum_subsp_fortuitum_DSM_46621,1,0,0,0,0,0,0,0,0,1,1,1,1,1,1,1,B1
Mycoplasma_hominis_ATCC_23114,1,1,1,1,1,1,0,1,0,0,0,0,0,0,1,0,B6++
Mycoplasma_pneumoniae_309,1,1,1,1,0,1,0,1,0,0,0,0,1,0,1,0,B1+B3+B5+
Neisseria_cinerea_ATCC_14685,1,0,0,0,1,1,0,1,0,1,1,1,0,0,1,0,None
Neisseria_elongata_subsp_glycolytica_ATCC_29315,1,0,0,0,0,1,0,1,0,1,1,1,1,0,1,0,B9+
Neisseria_flavescens_SK114,1,0,0,0,0,0,0,1,0,1,1,1,1,1,1,0,K+
Neisseria_macacae_ATCC_33926,1,0,0,0,1,0,0,1,0,1,1,1,0,1,1,0,None
Neisseria_mucosa_ATCC_25996,1,0,0,0,0,0,0,1,0,1,1,1,1,1,1,0,K+
Neisseria_subflava_NJ9703,1,0,0,0,0,0,0,1,0,1,1,1,1,1,1,0,K+
Nevskia_ramosa_DSM_11499,1,0,0,0,1,0,0,1,0,1,1,1,0,1,1,0,None
Oceanobacillus_picturae_strain_S1,1,1,1,0,0,0,0,0,0,0,0,1,1,1,1,1,None
Ochrobactrum_anthropi_ATCC_49188,1,1,0,0,0,0,0,1,0,0,1,1,1,1,1,0,None
Ochrobactrum_intermedium_LMG_3301,1,0,0,0,0,1,0,1,0,1,1,1,1,0,1,0,B9+
Odoribacter_laneus_YIT_12061,1,0,0,0,0,1,0,1,0,1,1,1,1,0,1,0,B9+
Odoribacter_splanchnicus_1651_6_DSM_20712,0,0,0,0,0,0,0,0,1,1,1,1,1,1,1,1,()
Olsenella_profusa_F019501,0,1,0,1,1,1,0,1,1,0,1,0,0,0,1,0,B6++
Olsenella_uli_DSM_7084,1,1,0,1,1,1,0,1,0,0,1,0,0,0,1,0,B6++
Oribacterium_sinus_F0268,1,1,1,1,1,1,0,1,0,0,0,0,0,0,1,0,B6++
Oxalobacter_formigenes_HOxBLS,0,0,0,0,1,0,0,0,1,1,1,1,0,1,0,0,B6
Oxalobacter_formigenes_OXCC13,0,0,0,0,1,0,0,0,1,1,1,1,0,1,0,0,B6
Paenibacillus_alvei_DSM_29,1,0,0,0,0,0,0,1,0,1,1,1,1,1,1,0,K+
Paenibacillus_barengoltzii_G22,1,0,0,0,0,0,0,1,0,1,1,1,1,1,1,0,K+
Paenibacillus_daejeonensis_DSM_15491,0,0,0,0,0,0,0,1,1,1,1,1,1,1,1,0,K+
Paenibacillus_graminis_C4D1M,1,0,0,0,1,0,0,1,0,1,1,1,0,1,1,0,None
Paenibacillus_lactis_154,1,0,0,0,0,0,0,1,0,1,1,1,1,1,1,0,K+
Pantoea_agglomerans_IG1,1,0,0,0,0,1,0,1,0,1,1,1,1,0,1,0,B9+
Parabacteroides_distasonis_ATCC_8503,0,0,0,0,0,0,0,1,1,1,1,1,1,1,1,0,K+
Parabacteroides_goldsteinii_dnLKV18,1,0,0,0,0,0,0,1,0,1,1,1,1,1,1,0,K+
Parabacteroides_gordonii_DSM_23371,1,0,0,0,1,0,0,0,0,1,1,1,0,1,1,1,B6++
Parabacteroides_johnsonii_DSM_18315,0,0,0,0,0,0,0,0,1,1,1,1,1,1,0,0,()
Parabacteroides_merdae_ATCC_43184,0,0,0,0,0,0,0,0,1,1,1,1,1,1,0,1,()
Parabacteroides_sp_D13,0,0,0,0,0,0,0,0,1,1,1,1,1,1,0,1,()
Paracoccus_yeei_ATCC_BAA_599,1,0,0,0,1,0,0,1,0,1,1,1,0,1,1,0,None
Paraprevotella_clara_YIT_11840,1,0,0,0,0,0,0,0,0,1,1,1,1,1,1,1,B1
Paraprevotella_xylaniphila_YIT_11841,1,1,0,0,0,0,0,0,0,0,1,1,1,1,1,1,B2+
Parasutterella_excrementihominis_YIT_11859,1,0,1,0,1,1,0,1,0,1,0,1,0,0,1,0,B6++
Parvimonas_micra_ATCC_33270,0,1,1,1,0,0,0,0,0,0,0,0,1,1,0,1,None
Pediococcus_acidilactici_7_4,0,1,1,0,1,0,0,0,1,0,0,0,0,1,0,0,B6+
Pediococcus_acidilactici_DSM_20284,0,1,1,1,1,0,0,0,1,0,0,0,0,1,0,0,B6+
Pediococcus_pentosaceus_ATCC_25745,0,1,1,1,0,1,0,1,1,0,0,0,1,0,1,0,None
Peptoniphilus_harei_ACS_146_V_Sch2b,1,1,0,1,1,0,0,1,0,0,1,0,0,1,1,0,B6++
Peptoniphilus_indolicus_ATCC_29427,1,1,1,1,0,1,0,1,0,0,0,0,1,0,1,0,B1+B3+B5+
Peptoniphilus_lacrimalis_DSM_7455,1,1,0,1,1,1,0,1,0,0,1,0,0,0,1,0,B6++
Peptoniphilus_timonensis_JC401,1,1,1,1,1,1,0,1,0,0,0,0,0,0,1,0,B6++
Peptostreptococcus_anaerobius_DSM_2949,1,1,0,1,0,1,0,1,0,0,1,0,1,0,1,0,B5++
Peptostreptococcus_stomatis_DSM_17678,1,1,0,1,0,1,0,1,0,0,1,0,1,0,1,0,B5++
Phascolarctobacterium_succinatutens_YIT_12067,0,0,1,0,0,0,0,0,1,1,0,1,1,1,0,0,B3+
Plesiomonas_shigelloides_302_73,1,0,0,0,0,0,0,0,0,1,1,1,1,1,1,1,B1
Porphyromonas_asaccharolytica_DSM_20707,1,1,0,0,0,1,0,1,0,0,1,1,1,0,1,0,None
Porphyromonas_endodontalis_ATCC_35406,1,1,0,1,0,0,0,1,0,0,1,0,1,1,1,0,B5++
Porphyromonas_gingivalis_W83,0,0,0,0,0,0,0,1,1,1,1,1,1,1,1,0,K+
Porphyromonas_somerae_DSM_23386,1,0,0,1,0,0,0,1,0,1,1,0,1,1,1,0,B5++
Porphyromonas_uenonis_60_3,1,1,0,0,0,0,0,1,0,0,1,1,1,1,1,0,None
Porphyromonas_uenonis_DSM_23387,1,1,0,0,0,0,0,1,0,0,1,1,1,1,1,0,None
Prevotella_albensis_DSM_11370,1,0,0,0,0,1,0,1,0,1,1,1,1,0,1,0,B9+
Prevotella_bivia_DSM_20514,1,0,0,1,0,0,0,1,0,1,1,0,1,1,1,0,B5++
Prevotella_brevis_ATCC_19188,1,0,0,0,0,0,0,1,0,1,1,1,1,1,1,0,K+
Prevotella_bryantii_B14,0,0,0,0,0,0,0,1,1,1,1,1,1,1,1,0,K+
Prevotella_bryantii_C21a,0,0,0,0,0,0,0,1,1,1,1,1,1,1,1,0,K+
Prevotella_buccae_ATCC_33574,1,0,0,0,0,0,0,1,0,1,1,1,1,1,1,0,K+
Prevotella_conceptionensis_9403948,1,1,0,1,0,1,0,1,0,0,1,0,1,0,1,0,B5++
Prevotella_copri_CB7_DSM_18205,0,0,0,0,0,0,0,0,1,1,1,1,1,1,0,1,()
Prevotella_corporis_DSM_18810,0,0,0,1,0,0,0,1,1,1,1,0,1,1,1,0,B5++
Prevotella_denticola_DSM20614,1,0,0,1,0,0,0,1,0,1,1,0,1,1,1,0,B5++
Prevotella_denticola_F0289,1,1,0,1,0,0,0,1,0,0,1,0,1,1,1,0,B5++
Prevotella_disiens_FB035_09AN,1,0,0,1,0,0,0,1,0,1,1,0,1,1,1,0,B5++
Prevotella_disiens_JCM_6334,0,0,0,1,0,0,0,1,1,1,1,0,1,1,1,0,B5++
Prevotella_enoeca_JCM_12259,1,0,1,1,0,0,0,1,0,1,0,0,1,1,1,0,B1+B3+B5+
Prevotella_intermedia_17,1,0,0,1,0,0,0,1,0,1,1,0,1,1,1,0,B5++
Prevotella_intermedia_ATCC_25611,0,0,0,1,0,0,0,1,1,1,1,0,1,1,1,0,B5++
Prevotella_loescheii_DSM_19665,0,0,0,1,0,0,0,1,1,1,1,0,1,1,1,0,B5++
Prevotella_melaninogenica_ATCC_25845,1,0,0,1,0,0,0,1,0,1,1,0,1,1,1,0,B5++
Prevotella_nanceiensis_DSM_19126,1,0,1,1,0,0,0,1,0,1,0,0,1,1,1,0,B1+B3+B5+
Prevotella_nigrescens_ATCC_33563,1,0,0,0,0,0,0,1,0,1,1,1,1,1,1,0,K+
Prevotella_oralis_ATCC_33269,1,0,0,1,0,0,0,1,0,1,1,0,1,1,1,0,B5++
Prevotella_pallens_ATCC_700821,1,0,0,1,0,0,0,1,0,1,1,0,1,1,1,0,B5++
Prevotella_ruminicola_23,1,0,0,0,0,0,0,1,0,1,1,1,1,1,1,0,K+
Prevotella_salivae_DSM_15606,0,0,1,0,0,0,0,0,1,1,0,1,1,1,0,1,B3+
Prevotella_shahii_JCM_12083,1,0,0,1,0,0,0,1,0,1,1,0,1,1,1,0,B5++
Prevotella_stercorea_DSM_18206,1,1,0,1,0,0,0,1,0,0,1,0,1,1,1,0,B5++
Prevotella_timonensis_4401737,1,0,0,1,0,0,0,1,0,1,1,0,1,1,1,0,B5++
Prevotella_timonensis_CRIS_5C_B1,1,0,0,1,0,0,0,1,0,1,1,0,1,1,1,0,B5++
Prevotella_veroralis_DSM_19559,1,0,1,1,0,0,0,1,0,1,0,0,1,1,1,0,B1+B3+B5+
Propionibacterium_acidipropionici_ATCC_4875,1,0,0,0,0,1,0,1,0,1,1,1,1,0,1,0,B9+
Propionibacterium_acnes_KPA171202,0,0,1,1,0,0,0,0,1,1,0,0,1,1,1,1,B3+
Propionibacterium_avidum_44067,1,0,0,1,0,1,0,1,0,1,1,0,1,0,1,0,B5++
Propionibacterium_freudenreichii_subsp_shermanii_CIRM_BIA1,0,0,0,1,0,0,0,0,1,1,1,0,1,1,1,1,None
Propionibacterium_granulosum_DSM_20700,1,1,0,1,0,1,0,1,0,0,1,0,1,0,1,0,B5++
Propionibacterium_jensenii_DSM_20535,1,0,0,0,0,1,0,0,0,1,1,1,1,0,1,1,B9+
Propionibacterium_propionicum_F0230a,1,1,1,0,0,1,0,1,0,0,0,1,1,0,1,0,None
Proteus_mirabilis_ATCC_29906,1,0,1,0,0,0,0,0,0,1,0,1,1,1,1,1,None
Proteus_penneri_ATCC_35198,1,0,1,0,0,0,0,0,0,1,0,1,1,1,1,1,None
Providencia_alcalifaciens_DSM_30120,0,0,1,0,0,0,0,0,0,1,0,1,1,1,0,1,B3+
Providencia_rettgeri_DSM_1131,0,0,1,0,0,0,0,0,0,1,0,1,1,1,0,1,B3+
Providencia_rustigianii_DSM_4541,0,0,1,0,0,0,0,0,0,1,0,1,1,1,0,1,B3+
Providencia_stuartii_ATCC_25827,0,0,1,0,0,0,0,0,0,1,0,1,1,1,0,1,B3+
Pseudobutyrivibrio_ruminis_AD2017,1,1,0,0,1,1,0,1,0,0,1,1,0,0,1,0,None
Pseudoflavonifractor_capillosus_strain_ATCC_29799,0,1,1,1,1,0,0,0,1,0,0,0,0,1,0,1,B6+
Pseudomonas_aeruginosa_NCGM2_S1,0,0,0,0,0,0,0,0,1,1,1,1,1,1,1,1,()
Pseudomonas_alcaliphila_34,1,0,0,0,0,0,0,1,0,1,1,1,1,1,1,0,K+
Pseudomonas_fluorescens_PfO_1,1,0,0,0,0,1,0,1,0,1,1,1,1,0,1,0,B9+
Pseudomonas_monteilii_NBRC_103158,1,0,0,0,0,0,0,1,0,1,1,1,1,1,1,0,K+
Pseudomonas_monteilii_QM,1,0,0,0,0,0,0,1,0,1,1,1,1,1,1,0,K+
Pseudomonas_nitroreducens_HBP1,1,0,0,0,0,0,0,1,0,1,1,1,1,1,1,0,K+
Pseudomonas_oleovorans_MOIL14HWK12,1,0,0,0,1,0,0,0,0,1,1,1,0,1,1,1,B6++
Pseudomonas_putida_F1,1,0,0,0,0,1,0,1,0,1,1,1,1,0,1,0,B9+
Pseudomonas_stutzeri_DSM_4166,1,1,0,0,0,1,0,1,0,0,1,1,1,0,1,0,None
Pseudoramibacter_alactolyticus_ATCC_23263,1,1,0,0,1,1,0,1,0,0,1,1,0,0,1,0,None
Pyramidobacter_piscolens_W5455,1,1,1,1,1,1,0,1,0,0,0,0,0,0,1,0,B6++
Ralstonia_sp_5_7_47FAA,0,0,0,0,0,0,0,0,1,1,1,1,1,1,0,1,()
Raoultella_planticola_ATCC_33531,1,0,0,0,0,0,0,0,0,1,1,1,1,1,1,1,B1
Rhodococcus_equi_ATCC_33707,1,1,0,0,0,1,0,1,0,0,1,1,1,0,1,0,None
Rhodococcus_equi_NBRC_101255,1,0,0,0,0,1,0,1,0,1,1,1,1,0,1,0,B9+
Rhodococcus_erythropolis_PR4,1,0,0,0,0,0,0,0,0,1,1,1,1,1,1,1,B1
Rhodococcus_rhodochrous_ATCC_21198,1,0,0,0,0,1,0,0,0,1,1,1,1,0,1,1,B9+
Roseburia_hominis_A2_183,1,1,1,0,0,1,0,1,0,0,0,1,1,0,1,0,None
Roseburia_intestinalis_L1_82,0,0,0,0,0,0,0,0,0,1,1,1,1,1,0,0,()
Roseburia_inulinivorans_DSM_16841,0,1,1,0,1,0,0,0,1,0,0,0,0,1,0,0,B6+
Roseomonas_mucosa_ATCC_BAA_692,1,0,1,0,1,0,0,1,0,1,0,1,0,1,1,0,B6++
Rothia_aeria_F0474,1,0,1,0,0,1,0,0,0,1,0,1,1,0,1,1,None
Rothia_dentocariosa_ATCC_17931,1,0,1,1,0,1,0,1,0,1,0,0,1,0,1,0,B1+B3+B5+
Rothia_mucilaginosa_DY_18,1,1,1,1,0,1,0,1,0,0,0,0,1,0,1,0,B1+B3+B5+
Rudanella_lutea_DSM_19387,1,0,0,0,0,0,0,0,0,1,1,1,1,1,1,1,B1
Ruminococcaceae_bacterium_D16,0,0,1,1,1,0,0,0,0,1,0,0,0,1,0,1,B6+
Ruminococcus_albus_7,1,1,0,0,0,1,0,0,0,0,1,1,1,0,1,1,None
Ruminococcus_bicirculans_80_3,1,1,0,1,0,1,0,1,0,0,1,0,1,0,1,0,B5++
Ruminococcus_bromii_L2_63,0,1,0,0,1,0,0,0,1,0,1,0,0,1,0,1,B6+
Ruminococcus_callidus_ATCC_2776001,1,1,0,0,0,1,0,1,0,0,1,1,1,0,1,0,None
Ruminococcus_champanellensis_18P13,0,1,0,0,1,0,0,0,0,0,1,0,0,1,0,0,B6+
Ruminococcus_flavefaciens_ATCC_19208,1,1,0,1,1,1,0,1,0,0,1,0,0,0,1,0,B6++
Ruminococcus_flavefaciens_FD_1,1,0,0,0,0,1,0,1,0,1,1,1,1,0,1,0,B9+
Ruminococcus_gauvreauii_DSM_19829,1,1,0,0,0,0,0,1,0,0,1,1,1,1,1,0,None
Ruminococcus_gnavus_ATCC_29149,0,1,0,1,0,0,0,0,1,0,1,0,1,1,0,0,None
Ruminococcus_lactaris_ATCC_29176,0,1,0,0,0,0,0,0,1,0,1,1,1,1,0,0,B2+
Ruminococcus_obeum_A2_162,0,0,0,1,1,0,0,0,1,1,1,0,0,1,0,0,B6+
Ruminococcus_sp_5_1_39BFAA,0,0,0,0,1,0,0,0,1,1,1,1,0,1,0,0,B6
Ruminococcus_sp_SR1_5,0,0,0,0,1,0,0,0,1,1,1,1,0,1,0,1,B6
Ruminococcus_torques_ATCC_27756,0,0,0,0,1,0,0,0,0,1,1,1,0,1,0,0,B6
Ruminococcus_torques_L2_14,0,1,0,0,0,0,0,0,1,0,1,1,1,1,0,1,B2+
Salmonella_enterica_enterica_sv_Typhimurium_LT2,0,0,0,0,0,0,0,0,1,1,1,1,1,1,1,1,()
Scardovia_inopinata_F0304,1,1,1,1,1,1,0,1,0,0,0,0,0,0,1,0,B6++
Schlesneria_paludicola_DSM_18645,1,0,0,0,0,0,0,1,0,1,1,1,1,1,1,0,K+
Selenomonas_ruminantium_AC2024,0,0,0,0,1,1,0,1,1,1,1,1,0,0,1,0,None
Serratia_fonticola_RB_25,1,0,0,0,0,0,0,0,0,1,1,1,1,1,1,1,B1
Serratia_liquefaciens_ATCC_27592,1,0,0,0,0,0,0,0,0,1,1,1,1,1,1,1,B1
Serratia_marcescens_subsp_marcescens_Db11,1,0,0,0,0,0,0,0,0,1,1,1,1,1,1,1,B1
Shigella_dysenteriae_Sd197,1,0,0,0,0,0,0,0,0,1,1,1,1,1,1,1,B1
Shigella_flexneri_2002017,1,0,0,0,0,0,0,0,0,1,1,1,1,1,1,1,B1
Shigella_sonnei_Ss046,1,0,0,0,0,0,0,0,0,1,1,1,1,1,1,1,B1
Silanimonas_lenta_DSM_16282,1,0,1,0,1,0,0,1,0,1,0,1,0,1,1,0,B6++
Slackia_exigua_ATCC_700122,1,1,1,0,0,1,0,1,0,0,0,1,1,0,1,0,None
Slackia_piriformis_YIT_12062,1,1,0,1,0,1,0,1,0,0,1,0,1,0,1,0,B5++
Solobacterium_moorei_DSM_22971,1,1,1,1,1,1,0,1,0,0,0,0,0,0,1,0,B6++
Solobacterium_moorei_F0204,1,1,1,1,1,1,0,1,0,0,0,0,0,0,1,0,B6++
Sphingomonas_paucimobilis_HER1398,1,1,0,0,1,1,0,1,0,0,1,1,0,0,1,0,None
Spirosoma_linguale_DSM_74,1,0,0,0,0,0,0,1,0,1,1,1,1,1,1,0,K+
Staphylococcus_arlettae_CVD059,1,1,0,0,0,0,0,0,0,0,1,1,1,1,1,1,B2+
Staphylococcus_aureus_subsp_aureus_USA300_FPR3757,1,1,1,0,0,0,0,0,0,0,0,1,1,1,1,1,None
Staphylococcus_capitis_CR0101,1,1,1,0,0,0,0,0,0,0,0,1,1,1,1,1,None
Staphylococcus_capitis_QN1,1,1,1,0,0,0,0,0,0,0,0,1,1,1,1,1,None
Staphylococcus_caprae_C87,1,1,1,0,0,0,0,0,0,0,0,1,1,1,1,1,None
Staphylococcus_cohnii_hu_01,1,1,0,0,0,0,0,0,0,0,1,1,1,1,1,1,B2+
Staphylococcus_epidermidis_ATCC_12228,1,1,1,0,0,0,0,0,0,0,0,1,1,1,1,1,None
Staphylococcus_equorum_subsp_equorum_Mu2,1,1,1,0,0,0,0,0,0,0,0,1,1,1,1,1,None
Staphylococcus_haemolyticus_JCSC1435,1,1,1,0,0,0,0,0,0,0,0,1,1,1,1,1,None
Staphylococcus_hominis_subsp_hominis_C80,1,1,1,0,0,0,0,0,0,0,0,1,1,1,1,1,None
Staphylococcus_intermedius_ATCC_27335,1,1,1,1,1,1,0,1,0,0,0,0,0,0,1,0,B6++
Staphylococcus_lugdunensis_HKU09_01,1,1,1,0,0,0,0,0,0,0,0,1,1,1,1,1,None
Staphylococcus_pasteuri_SP1,1,1,1,0,0,0,0,0,0,0,0,1,1,1,1,1,None
Staphylococcus_pettenkoferi_VCU012,1,1,1,0,0,0,0,0,0,0,0,1,1,1,1,1,None
Staphylococcus_saprophyticus_subsp_saprophyticus_ATCC_15305,1,1,1,0,0,0,0,0,0,0,0,1,1,1,1,1,None
Staphylococcus_sciuri_subsp_sciuri_Z8,1,1,0,0,0,0,0,0,0,0,1,1,1,1,1,1,B2+
Staphylococcus_simulans_ACS_120_V_Sch1,1,1,0,0,0,0,0,0,0,0,1,1,1,1,1,1,B2+
Staphylococcus_vitulinus_F1028,1,1,1,0,0,0,0,0,0,0,0,1,1,1,1,1,None
Staphylococcus_warneri_SG1,1,1,1,0,0,0,0,0,0,0,0,1,1,1,1,1,None
Staphylococcus_xylosus_DMB3_Bh1,1,1,1,0,0,0,0,0,0,0,0,1,1,1,1,1,None
Staphylococcus_xylosus_NJ,1,0,1,0,0,0,0,0,0,1,0,1,1,1,1,1,None
Stenotrophomonas_maltophilia_D457,1,0,1,0,0,0,0,1,0,1,0,1,1,1,1,0,None
Stenotrophomonas_rhizophila_PCA13,1,0,1,0,1,0,0,0,0,1,0,1,0,1,1,1,B6++
Stoquefichus_massiliensis_AP9,1,1,1,1,1,1,0,1,0,0,0,0,0,0,1,0,B6++
Streptococcus_agalactiae_A909,1,0,1,1,0,0,0,1,0,1,0,0,1,1,1,0,B1+B3+B5+
Streptococcus_anginosus_1_2_62CV,0,1,1,1,1,0,0,0,0,0,0,0,0,0,0,0,B6+
Streptococcus_australis_ATCC_700641,1,1,1,1,1,1,0,1,0,0,0,0,0,0,1,0,B6++
Streptococcus_constellatus_subsp_constellatus_SK53,1,1,1,1,1,1,0,1,0,0,0,0,0,0,1,0,B6++
Streptococcus_constellatus_subsp_pharyngis_SK1060,1,1,1,1,1,1,0,1,0,0,0,0,0,0,1,0,B6++
Streptococcus_cristatus_ATCC_51100,1,1,1,1,1,1,0,1,0,0,0,0,0,0,1,0,B6++
Streptococcus_dysgalactiae_subsp_dysgalactiae_ATCC_27957,1,1,1,1,1,1,0,1,0,0,0,0,0,0,1,0,B6++
Streptococcus_equinus_ATCC_9812,0,0,1,1,0,0,0,0,1,1,0,0,1,0,0,1,B3+
Streptococcus_equi_subsp_equi_4047,1,1,1,1,0,1,0,1,0,0,0,0,1,0,1,0,B1+B3+B5+
Streptococcus_gallolyticus_subsp_gallolyticus_ATCC_43143,1,1,0,0,0,1,0,1,0,0,1,1,1,0,1,0,None
Streptococcus_gordonii_str_Challis_substr_CH1,1,1,1,1,1,0,0,1,0,0,0,0,0,1,1,0,B6++
Streptococcus_infantarius_subsp_infantarius_ATCC_BAA_102,0,0,0,0,0,0,0,0,1,1,1,0,1,1,0,1,()
Streptococcus_infantis_ATCC_700779,1,1,1,1,0,1,0,1,0,0,0,0,1,0,1,0,B1+B3+B5+
Streptococcus_intermedius_JTH08,1,1,1,1,1,1,0,1,0,0,0,0,0,0,1,0,B6++
Streptococcus_lutetiensis_033,1,0,0,1,0,0,0,1,0,1,1,0,1,1,1,0,B5++
Streptococcus_mitis_NCTC_12261,0,1,1,1,0,1,0,1,1,0,0,0,1,0,1,0,None
Streptococcus_mutans_ATCC_25175,1,1,0,1,0,1,0,1,0,0,1,0,1,0,1,0,B5++
Streptococcus_oralis_Uo5,0,1,1,1,0,1,0,1,1,0,0,0,1,0,1,0,None
Streptococcus_parasanguinis_ATCC_903,1,1,1,1,1,1,0,1,0,0,0,0,0,0,1,0,B6++
Streptococcus_parauberis_KCTC_11537,0,1,1,1,1,1,0,1,1,0,0,0,0,0,1,0,B6++
Streptococcus_peroris_ATCC_700780,1,1,1,1,0,1,0,1,0,0,0,0,1,0,1,0,B1+B3+B5+
Streptococcus_pleomorphus_DSM_20574,1,1,1,1,1,1,0,1,0,0,0,0,0,0,1,0,B6++
Streptococcus_pneumoniae_G54,1,1,1,1,0,1,0,1,0,0,0,0,1,0,1,0,B1+B3+B5+
Streptococcus_pseudopneumoniae_IS7493,1,1,1,1,0,1,0,1,0,0,0,0,1,0,1,0,B1+B3+B5+
Streptococcus_pyogenes_MGAS9429,1,1,1,1,1,1,0,1,0,0,0,0,0,0,1,0,B6++
Streptococcus_salivarius_JIM8777,1,1,0,1,0,1,0,1,0,0,1,0,1,0,1,0,B5++
Streptococcus_sanguinis_SK36,1,1,1,1,1,1,0,1,0,0,0,0,0,0,1,0,B6++
Streptococcus_sp_2_1_36FAA,0,1,1,0,1,0,0,0,0,0,0,0,0,1,0,0,B6+
Streptococcus_sp_I_G2,1,1,1,1,0,1,0,1,0,0,0,0,1,0,1,0,B1+B3+B5+
Streptococcus_sp_I_P16,1,1,1,1,0,1,0,1,0,0,0,0,1,0,1,0,B1+B3+B5+
Streptococcus_thermophilus_LMG_18311,0,1,1,1,0,0,0,0,1,0,0,0,1,1,0,0,None
Streptococcus_thoraltensis_DSM_12221,1,1,1,1,1,1,0,1,0,0,0,0,0,0,1,0,B6++
Streptococcus_uberis_0140J,1,1,0,1,0,1,0,1,0,0,1,0,1,0,1,0,B5++
Streptococcus_vestibularis_F0396,1,1,1,1,0,1,0,1,0,0,0,0,1,0,1,0,B1+B3+B5+
Subdoligranulum_variabile_DSM_15176,0,1,1,1,1,0,0,0,0,0,0,0,0,0,0,1,B6+
Succinatimonas_hippei_YIT_12066,0,0,1,1,0,0,0,0,1,1,0,0,1,0,0,1,B3+
Succinivibrio_dextrinosolvens_H5,1,0,0,0,0,1,0,0,0,1,1,1,1,0,1,1,B9+
Sulfolobus_solfataricus_P2,0,1,0,1,0,1,0,1,1,0,1,0,1,0,1,0,B5++
Sutterella_parvirubra_YIT_11816,1,1,1,1,0,1,0,1,0,0,0,0,1,0,1,0,B1+B3+B5+
Sutterella_wadsworthensis_3_1_45B,0,0,1,1,1,0,0,0,0,1,0,0,0,1,0,1,B6+
Tannerella_forsythia_ATCC_43037,1,1,0,1,0,0,0,1,0,0,1,0,1,1,1,0,B5++
Tatumella_ptyseos_ATCC_33301,1,0,1,0,0,1,0,1,0,1,0,1,1,0,1,0,None
Trabulsiella_guamensis_ATCC_49490,1,0,0,0,0,0,0,0,0,1,1,1,1,1,1,1,B1
Tropheryma_whipplei_str_Twist,1,1,1,1,0,1,0,1,0,0,0,0,1,0,1,0,B1+B3+B5+
Trueperella_pyogenes_MS249,1,1,1,0,0,1,0,1,0,0,0,1,1,0,1,0,None
Ureaplasma_parvum_serovar_1_str_ATCC_27813,1,1,1,0,0,1,0,1,0,0,0,0,1,0,1,0,None
Ureaplasma_urealyticum_serovar_8_str_ATCC_27618,1,1,1,0,0,1,0,1,0,0,0,0,1,0,1,0,None
Ureibacillus_thermosphaericus_str_Thermo_BF,1,1,0,0,0,0,0,0,0,0,1,1,1,1,1,1,B2+
Varibaculum_cambriense_DSM_15806,1,0,1,0,0,1,0,1,0,1,0,1,1,0,1,0,None
Veillonella_atypica_ACS_049_V_Sch6,1,0,1,0,1,1,0,0,0,1,0,1,0,0,1,1,B6++
Veillonella_dispar_ATCC_17748,1,0,1,0,1,1,0,0,0,1,0,1,0,0,1,1,B6++
Veillonella_parvula_Te3_DSM_2008,0,0,0,0,1,0,0,0,1,1,1,1,0,1,1,1,B6
Veillonella_ratti_ACS_216_V_Col6b,1,0,1,0,1,0,0,0,0,1,0,1,0,1,1,1,B6++
Veillonella_sp_3_1_44,0,0,1,0,1,0,0,0,0,1,0,1,0,1,0,1,B6+
Veillonella_sp_6_1_27,0,0,1,0,1,0,0,0,0,1,0,1,0,1,0,1,B6+
Vibrio_fluvialis_560,1,0,0,0,0,0,0,0,0,1,1,1,1,1,1,1,B1
Vibrio_fluvialis_I21563,1,0,0,0,1,0,0,1,0,1,1,1,0,1,1,0,None
Vibrio_fluvialis_PG41,1,0,0,0,0,1,0,1,0,1,1,1,1,0,1,0,B9+
Vibrio_furnissii_NCTC_11218,1,0,0,1,0,1,0,0,0,1,1,0,1,0,1,1,B5++
Vibrio_mimicus_MB_451,1,0,0,0,0,1,0,0,0,1,1,1,1,0,1,1,B9+
Vibrio_parahaemolyticus_RIMD_2210633,1,0,0,0,0,0,0,0,0,1,1,1,1,1,1,1,B1
Weissella_cibaria_KACC_11862,1,1,1,1,1,1,0,0,0,0,0,0,0,0,1,1,B6++
Weissella_confusa_LBAE_C39_2,1,1,1,1,1,1,0,1,0,0,0,0,0,0,1,0,B6++
Weissella_paramesenteroides_ATCC_33313,0,1,1,1,1,0,0,0,1,0,0,0,0,1,0,1,B6+
Yersinia_bercovieri_ATCC_43970,1,0,0,0,0,0,0,0,0,1,1,1,1,1,1,1,B1
Yersinia_enterocolitica_subsp_enterocolitica_8081,0,0,0,0,0,0,0,0,1,1,1,1,1,1,1,1,()
Yersinia_frederiksenii_ATCC_33641,1,0,0,0,0,0,0,0,0,1,1,1,1,1,1,1,B1
Yersinia_kristensenii_ATCC_33638,1,0,0,0,0,0,0,0,0,1,1,1,1,1,1,1,B1
Yersinia_pseudotuberculosis_YPIII,0,0,0,0,0,0,0,0,1,1,1,1,1,1,1,1,()
Yersinia_rohdei_ATCC_43380,1,0,0,0,0,0,0,0,0,1,1,1,1,1,1,1,B1
Yokenella_regensburgei_ATCC_43003,1,0,0,0,0,0,0,0,0,1,1,1,1,1,1,1,B1
