Strain,Glu_req,Asp_req,Bra_req,Ser_req,Aro_req,His_req,Glu_syn,Asp_syn,Bra_syn,Ser_syn,Aro_syn,His_syn,Glu_sec,Asp_sec,Bra_sec,Ser_sec,Aro_sec,His_sec,Cluster
Abiotrophia_defectiva_ATCC_49176,1,1,1,1,1,0,0,0,0,0,0,1,0,0,0,0,0,1,Glu/Ser/Aro
Achromobacter_xylosoxidans_A8,0,0,0,0,0,0,1,1,1,1,1,1,1,1,1,1,1,1,Prototroph
Achromobacter_xylosoxidans_NBRC_15126,0,0,0,0,0,0,1,1,1,1,1,1,1,1,1,1,1,1,Prototroph
Acidaminococcus_fermentans_DSM_20731,0,0,1,1,0,0,1,1,0,0,1,1,1,1,0,0,1,0,None
Acidaminococcus_intestini_RyC_MR95,0,1,0,1,0,0,1,0,1,0,1,1,1,0,1,0,1,0,Asp/Ser
Acidaminococcus_sp_D21,1,1,0,1,0,1,0,0,1,0,1,0,0,0,1,0,1,0,Asp/His
Acinetobacter_baumannii_AB0057,0,1,0,0,0,0,1,0,1,1,1,1,1,0,1,1,1,1,Asp
Acinetobacter_calcoaceticus_PHEA_2,0,0,0,0,0,0,1,1,1,1,1,1,1,1,1,1,1,1,Prototroph
Acinetobacter_haemolyticus_NIPH_261,0,1,1,0,0,0,1,0,0,1,1,1,1,0,0,1,1,1,Bra
Acinetobacter_johnsonii_SH046,0,1,1,0,0,0,1,0,0,1,1,1,1,0,0,1,1,0,Bra
Acinetobacter_junii_SH205,0,0,0,0,0,0,1,1,1,1,1,1,1,1,1,1,1,1,Prototroph
Acinetobacter_lwoffii_WJ10621,0,1,1,0,0,0,1,0,0,1,1,1,1,0,0,1,1,1,Bra
Acinetobacter_pittii_ANC_4052,0,1,0,0,0,0,1,0,1,1,1,1,1,0,1,1,1,1,Asp
Acinetobacter_radioresistens_NIPH_2130,0,1,1,0,0,0,1,0,0,1,1,1,1,0,0,1,1,1,Bra
Actinobacillus_pleuropneumoniae_L20,0,1,0,0,0,0,1,0,1,1,1,1,1,0,1,1,1,1,Asp
Actinomyces_cardiffensis_F0333,0,1,1,1,1,0,1,0,0,0,0,1,1,0,0,0,0,1,Asp/Ser/Aro
Actinomyces_georgiae_DSM_6843,1,1,1,1,1,1,0,0,0,0,0,0,0,0,0,0,0,0,Auxotrophs
Actinomyces_graevenitzii_C83,1,1,1,1,1,1,0,0,0,0,0,0,0,0,0,0,0,0,Auxotrophs
Actinomyces_naeslundii_str_Howell_279,0,1,1,0,1,0,1,0,0,1,0,1,1,0,0,1,0,1,None
Actinomyces_odontolyticus_ATCC_17982,1,1,1,1,0,1,0,0,0,0,1,0,0,0,0,0,1,0,Asp/His
Actinomyces_oris_K20,1,1,1,1,1,1,0,0,0,0,0,0,0,0,0,0,0,0,Auxotrophs
Actinomyces_turicensis_ACS_279_V_Col4,0,1,1,1,0,0,1,0,0,0,1,1,1,0,0,0,1,1,Asp/Bra/Ser
Actinomyces_urogenitalis_DSM_15434,0,1,1,1,0,0,1,0,0,0,1,1,1,0,0,0,1,1,Asp/Bra/Ser
Actinomyces_viscosus_C505,0,1,1,0,0,0,1,0,0,1,1,1,1,0,0,1,1,1,Bra
Adlercreutzia_equolifaciens_DSM_19450,1,1,1,1,1,0,0,0,0,0,0,1,0,0,0,0,0,1,Glu/Ser/Aro
Aerococcus_viridans_ATCC_11563,1,1,1,1,0,0,0,0,0,0,1,1,0,0,0,0,1,1,Glu/Asp
Aeromonas_caviae_Ae398,0,0,0,0,0,0,1,1,1,1,1,1,1,1,1,1,1,0,Prototroph
Aeromonas_hydrophila_subsp_hydrophila_ATCC_7966,0,0,0,0,0,0,1,1,1,1,1,1,1,1,1,1,1,0,Prototroph
Aeromonas_jandaei_Riv2,0,0,0,0,1,0,1,1,1,1,0,1,1,1,1,1,0,0,Aro
Aeromonas_media_WS,0,0,0,0,1,0,1,1,1,1,0,1,1,1,1,1,0,0,Aro
Aeromonas_veronii_B565,0,0,0,0,0,0,1,1,1,1,1,1,1,1,1,1,1,0,Prototroph
Afipia_birgiae_34632,0,0,0,0,0,0,1,1,1,1,1,1,1,1,1,1,1,1,Prototroph
Aggregatibacter_aphrophilus_NJ8700,0,0,0,0,0,0,1,1,1,1,1,1,1,1,1,1,1,1,Prototroph
Agrobacterium_tumefaciens_F2,0,0,0,0,0,0,1,1,1,1,1,1,1,1,1,1,1,0,Prototroph
Akkermansia_muciniphila_ATCC_BAA_835,0,1,1,0,0,0,1,0,0,1,1,1,1,0,0,1,1,1,Bra
Alcaligenes_faecalis_subsp_faecalis_NBRC_13111,0,0,0,0,0,0,1,1,1,1,1,1,1,1,1,1,1,1,Prototroph
Alcaligenes_faecalis_subsp_faecalis_NCIB_8687,0,0,0,0,0,0,1,1,1,1,1,1,1,1,1,1,1,1,Prototroph
Alistipes_finegoldii_DSM_17242,0,1,0,1,1,0,1,0,1,0,0,1,1,0,1,0,0,1,Asp/Ser/Aro
Alistipes_indistinctus_YIT_12060,0,1,1,0,0,0,1,0,0,1,1,1,1,0,0,1,1,0,Bra
Alistipes_onderdonkii_DSM_19147,0,1,0,0,1,0,1,0,1,1,0,1,1,0,1,1,0,0,Aro
Alistipes_putredinis_DSM_17216,1,1,1,1,1,1,0,0,0,0,0,0,0,0,0,0,0,0,Auxotrophs
Alistipes_shahii_WAL_8301,0,1,0,0,1,0,1,1,1,1,0,1,1,1,1,1,0,0,Aro
Alloprevotella_tannerae_ATCC_51259,1,1,1,1,1,1,0,0,0,0,0,0,0,0,0,0,0,0,Auxotrophs
Anaerobaculum_hydrogeniformans_OS1_ATCC_BAA_1850,0,0,0,0,0,0,1,1,1,1,1,1,1,1,1,1,1,1,Prototroph
Anaerobiospirillum_succiniciproducens_DSM_640001,0,1,1,1,1,0,1,0,0,0,0,1,1,0,0,0,0,1,Asp/Ser/Aro
Anaerococcus_hydrogenalis_DSM_7454,0,1,1,1,1,1,1,0,0,0,0,0,1,0,0,0,0,0,Asp/His
Anaerococcus_prevotii_DSM_20548,1,1,1,1,1,1,0,0,0,0,0,0,0,0,0,0,0,0,Auxotrophs
Anaerococcus_vaginalis_ATCC_51170,1,1,1,1,1,1,0,0,0,0,0,0,0,0,0,0,0,0,Auxotrophs
Anaerofustis_stercorihominis_DSM_17244,0,1,1,1,1,0,1,0,0,0,0,1,1,0,0,0,0,0,Asp/Ser/Aro
Anaerostipes_caccae_DSM_14662,1,1,0,1,0,0,0,0,1,0,1,1,0,0,1,0,1,1,Glu/Asp
Anaerostipes_hadrus_DSM_3319,1,0,1,1,0,0,0,1,0,0,1,1,0,1,0,0,1,1,None
Anaerostipes_sp_3_2_56FAA,1,1,1,1,0,0,0,0,0,0,1,1,0,0,0,0,1,1,Glu/Asp
Anaerotruncus_colihominis_DSM_17241,1,1,1,1,0,0,0,0,0,0,1,1,0,0,0,0,1,1,Glu/Asp
Aneurinibacillus_aneurinilyticus_ATCC_12856,0,0,0,1,0,1,1,1,1,0,1,0,1,1,1,0,1,0,None
Arcanobacterium_haemolyticum_DSM_20595,1,1,1,1,1,1,0,0,0,0,0,0,0,0,0,0,0,0,Auxotrophs
Arcobacter_butzleri_RM4018,0,0,1,1,0,0,1,1,0,0,1,1,1,1,0,0,1,1,None
Arthrobacter_castelli_DSM_16402,0,1,0,1,1,0,1,0,1,0,0,1,1,0,1,0,0,1,Asp/Ser/Aro
Atopobium_minutum_10063974,1,1,1,1,1,1,0,0,0,0,0,0,0,0,0,0,0,0,Auxotrophs
Atopobium_parvulum_DSM_20469,1,1,1,1,1,1,0,0,0,0,0,0,0,0,0,0,0,0,Auxotrophs
Atopobium_rimae_ATCC_49626,1,1,1,1,1,1,0,0,0,0,0,0,0,0,0,0,0,0,Auxotrophs
Bacillus_altitudinis_41KF2b,0,0,0,1,0,0,1,1,1,0,1,1,1,1,1,0,1,1,Ser
Bacillus_amyloliquefaciens_DSM7,0,1,0,1,0,0,1,0,1,0,1,1,1,0,1,0,1,1,Asp/Ser
Bacillus_amyloliquefaciens_subsp_amyloliquefaciens_DC_12,0,1,0,1,0,0,1,0,1,0,1,1,1,0,1,0,1,1,Asp/Ser
Bacillus_atrophaeus_ATCC_49822_1,0,1,0,1,0,0,1,0,1,0,1,1,1,0,1,0,1,1,Asp/Ser
Bacillus_cereus_AH187_F4810_72,0,0,1,0,0,0,1,1,0,1,1,1,1,1,0,1,1,1,Bra
Bacillus_cereus_G9842,0,0,1,0,0,0,1,1,0,1,1,1,1,1,0,1,1,1,Bra
Bacillus_clausii_KSM_K16,0,0,0,1,0,0,1,1,1,0,1,1,1,1,1,0,1,1,Ser
Bacillus_endophyticus_2102,0,0,0,1,0,0,1,1,1,0,1,1,1,1,1,0,1,1,Ser
Bacillus_firmus_DS1,0,0,0,1,0,0,1,1,1,0,1,1,1,1,1,0,1,1,Ser
Bacillus_flexus_27Col1_1E,0,0,0,1,0,0,1,1,1,0,1,1,1,1,1,0,1,1,Ser
Bacillus_fordii_DSM_16014,0,1,0,1,0,0,1,0,1,0,1,1,1,0,1,0,1,1,Asp/Ser
Bacillus_halodurans_C_125,0,0,0,1,0,0,1,1,1,0,1,1,1,1,1,0,1,1,Ser
Bacillus_infantis_NRRL_B_14911,0,0,0,1,0,0,1,1,1,0,1,1,1,1,1,0,1,1,Ser
Bacillus_licheniformis_ATCC_14580,0,0,0,1,0,0,1,1,1,0,1,1,1,1,1,0,1,1,Ser
Bacillus_megaterium_DSM319,0,0,0,1,0,0,1,1,1,0,1,1,1,1,1,0,1,1,Ser
Bacillus_mojavensis_RO_H_1,0,1,0,1,0,0,1,0,1,0,1,1,1,0,1,0,1,1,Asp/Ser
Bacillus_mycoides_DSM_2048,0,0,0,1,0,0,1,1,1,0,1,1,1,1,1,0,1,1,Ser
Bacillus_nealsonii_AAU1,0,0,0,1,0,0,1,1,1,0,1,1,1,1,1,0,1,1,Ser
Bacillus_pseudofirmus_OF4,0,0,0,1,0,0,1,1,1,0,1,1,1,1,1,0,1,1,Ser
Bacillus_pumilus_ATCC_7061,0,0,0,1,0,0,1,1,1,0,1,1,1,1,1,0,1,1,Ser
Bacillus_sonorensis_L12,0,0,0,1,0,0,1,1,1,0,1,1,1,1,1,0,1,1,Ser
Bacillus_subtilis_str_168,0,1,0,1,0,0,1,0,1,0,1,1,1,0,1,0,1,1,Asp/Ser
Bacillus_thermoamylovorans,0,0,0,1,1,0,1,1,1,0,0,1,1,1,1,0,0,1,None
Bacillus_thuringiensis_serovar_thuringiensis_str_T01001,0,0,0,1,0,0,1,1,1,0,1,1,1,1,1,0,1,1,Ser
Bacillus_timonensis_10403023,0,1,0,1,0,0,1,0,1,0,1,1,1,0,1,0,1,1,Asp/Ser
Bacillus_vallismortis_DV1_F_3,0,0,0,1,0,0,1,1,1,0,1,1,1,1,1,0,1,1,Ser
Bacteroides_caccae_ATCC_43185,0,0,0,0,0,0,1,1,1,1,1,1,1,1,1,1,0,0,Prototroph
Bacteroides_cellulosilyticus_DSM_14838,0,1,0,0,0,0,1,0,1,1,1,1,0,0,1,1,0,0,Asp
Bacteroides_clarus_YIT_12056,0,0,0,0,0,0,1,1,1,1,1,1,1,1,1,1,1,0,Prototroph
Bacteroides_coprocola_M16_DSM_17136,0,1,1,0,0,0,1,0,0,1,1,1,1,0,0,1,1,1,Bra
Bacteroides_coprophilus_DSM_18228,0,0,1,0,0,0,1,1,0,1,1,1,1,1,0,1,0,0,Bra
Bacteroides_dorei_DSM_17855,0,1,0,0,0,0,1,0,1,1,1,1,1,0,1,1,0,0,Asp
Bacteroides_eggerthii_1_2_48FAA,0,0,0,0,0,0,1,1,1,1,1,1,0,1,1,1,1,0,Prototroph
Bacteroides_eggerthii_DSM_20697,0,0,0,0,0,0,1,1,1,1,1,1,0,1,1,1,1,0,Prototroph
Bacteroides_faecis_MAJ27,0,1,0,0,0,0,1,0,1,1,1,1,1,0,1,1,1,0,Asp
Bacteroides_finegoldii_DSM_17565,0,1,1,0,0,0,1,0,0,1,1,1,1,0,0,1,0,0,Bra
Bacteroides_fluxus_YIT_12057,0,1,0,0,0,0,1,0,1,1,1,1,1,0,1,1,1,0,Asp
Bacteroides_fragilis_3_1_12,0,0,0,0,0,0,1,1,1,1,1,1,1,1,1,1,1,0,Prototroph
Bacteroides_fragilis_638R,0,0,0,0,0,0,1,1,1,1,1,1,1,1,1,1,1,0,Prototroph
Bacteroides_fragilis_NCTC_9343,0,0,0,0,0,0,1,1,1,1,1,1,1,1,1,1,1,0,Prototroph
Bacteroides_fragilis_YCH46,0,0,0,0,0,0,1,1,1,1,1,1,1,1,1,1,1,0,Prototroph
Bacteroides_graminisolvens_DSM_19988,0,1,0,0,0,0,1,0,1,1,1,1,1,0,1,1,1,0,Asp
Bacteroides_intestinalis_341_DSM_17393,0,0,0,0,0,0,1,1,1,1,1,1,1,1,1,1,1,0,Prototroph
Bacteroides_massiliensis_B846dnLKV334,0,1,0,0,0,0,1,0,1,1,1,1,1,0,1,1,1,0,Asp
Bacteroides_nordii_CL02T12C05,0,1,0,1,0,0,1,1,1,1,1,1,1,0,1,1,1,0,Prototroph
Bacteroides_oleiciplenus_YIT_12058,0,0,0,0,0,0,1,1,1,1,1,1,1,1,1,1,1,0,Prototroph
Bacteroides_ovatus_ATCC_8483,0,0,0,0,0,0,1,1,1,1,1,1,1,1,1,1,1,0,Prototroph
Bacteroides_ovatus_SD_CC_2a,0,0,0,0,0,0,1,1,1,1,1,1,1,1,1,1,1,0,Prototroph
Bacteroides_ovatus_SD_CMC_3f,0,0,0,0,0,0,1,1,1,1,1,1,1,1,1,1,1,0,Prototroph
Bacteroides_pectinophilus_ATCC_43243,1,1,1,1,0,1,0,0,0,0,1,0,0,0,0,0,1,0,Asp/His
Bacteroides_plebeius_M12_DSM_17135,0,1,0,0,0,0,1,0,1,1,1,1,1,0,1,1,0,0,Asp
Bacteroides_pyogenes_DSM20611,0,1,0,0,1,0,1,0,1,1,0,1,1,0,1,1,0,0,Aro
Bacteroides_salyersiae_WAL_10018,0,1,0,0,0,0,1,0,1,1,1,1,1,0,1,1,1,0,Asp
Bacteroides_sp_1_1_14,0,0,0,0,0,0,1,1,1,1,1,1,1,1,1,1,0,0,Prototroph
Bacteroides_sp_1_1_30,0,1,0,0,0,0,1,0,1,1,1,1,1,0,1,1,0,1,Asp
Bacteroides_sp_1_1_6,0,1,0,0,0,0,1,0,1,1,1,1,1,0,1,1,0,0,Asp
Bacteroides_sp_2_1_22,0,1,0,0,0,0,1,0,1,1,1,1,1,0,1,1,0,0,Asp
Bacteroides_sp_2_1_33B,0,1,0,0,0,0,1,0,1,1,1,1,1,0,1,1,0,0,Asp
Bacteroides_sp_2_1_7,0,0,0,0,0,0,1,1,1,1,1,1,1,1,1,1,0,0,Prototroph
Bacteroides_sp_2_2_4,0,1,0,0,0,0,1,0,1,1,1,1,1,0,1,1,0,0,Asp
Bacteroides_sp_20_3,0,1,0,0,0,0,1,0,1,1,1,1,1,0,1,1,0,0,Asp
Bacteroides_sp_3_1_19,0,1,0,0,0,0,1,0,1,1,1,1,1,0,1,1,0,0,Asp
Bacteroides_sp_3_1_23,0,1,0,0,0,0,1,0,1,1,1,1,1,0,1,1,0,0,Asp
Bacteroides_sp_3_1_33FAA,0,1,0,0,0,0,1,0,1,1,1,1,1,0,1,1,0,0,Asp
Bacteroides_sp_3_1_40A,0,1,0,0,0,0,1,0,1,1,1,1,1,0,1,1,0,0,Asp
Bacteroides_sp_3_2_5,0,0,0,0,0,0,1,1,1,1,1,1,1,1,1,1,0,0,Prototroph
Bacteroides_sp_4_1_36,0,1,0,0,0,0,1,0,1,1,1,1,0,0,1,1,0,0,Asp
Bacteroides_sp_4_3_47FAA,0,1,0,0,0,0,1,0,1,1,1,1,1,0,1,1,0,0,Asp
Bacteroides_sp_9_1_42FAA,0,0,0,0,0,0,1,1,1,1,1,1,1,1,1,1,0,0,Prototroph
Bacteroides_sp_D1,0,1,0,0,0,0,1,0,1,1,1,1,1,0,1,1,0,0,Asp
Bacteroides_sp_D2,0,1,0,0,0,0,1,0,1,1,1,1,1,0,1,1,0,0,Asp
Bacteroides_sp_D20,0,1,0,0,0,0,1,0,1,1,1,1,0,0,1,1,0,0,Asp
Bacteroides_sp_D22,0,1,0,0,0,0,1,0,1,1,1,1,1,0,1,1,0,0,Asp
Bacteroides_stercoris_ATCC_43183,0,1,0,0,0,0,1,0,1,1,1,1,1,0,1,1,1,0,Asp
Bacteroides_thetaiotaomicron_VPI_5482,0,0,0,0,0,0,1,1,1,1,1,1,1,1,1,1,1,0,Prototroph
Bacteroides_timonensis_AP1,0,1,0,0,0,0,1,0,1,1,1,1,1,0,1,1,1,0,Asp
Bacteroides_uniformis_ATCC_8492,0,0,0,0,0,0,1,1,1,1,1,1,1,1,1,1,1,0,Prototroph
Bacteroides_ureolyticus_DSM_20703,1,1,0,1,0,0,0,0,1,0,1,1,0,0,1,0,1,1,Glu/Asp
Bacteroides_vulgatus_ATCC_8482,0,0,0,0,0,0,1,1,1,1,1,1,1,1,1,1,0,0,Prototroph
Bacteroides_xylanisolvens_SD_CC_1b,0,1,0,0,0,0,1,0,1,1,1,1,1,0,1,1,0,0,Asp
Bacteroides_xylanisolvens_XB1A,0,1,0,0,0,0,1,0,1,1,1,1,1,0,1,1,0,0,Asp
Barnesiella_intestinihominis_YIT_11860,0,0,0,0,1,0,1,1,1,1,0,1,0,1,0,1,0,1,Aro
Bartonella_quintana_Toulouse,0,1,1,1,1,1,1,0,0,0,0,0,1,0,0,0,0,0,Asp/His
Bifidobacterium_adolescentis_ATCC_15703,0,1,1,1,0,0,1,0,0,0,1,1,1,0,0,0,1,1,Asp/Bra/Ser
Bifidobacterium_angulatum_DSM_20098,0,1,1,1,0,0,1,0,0,0,1,1,1,0,0,0,1,1,Asp/Bra/Ser
Bifidobacterium_animalis_lactis_AD011,0,1,0,0,0,0,1,0,1,1,1,1,1,0,1,1,1,1,Asp
Bifidobacterium_animalis_lactis_BB_12,0,1,1,1,0,0,1,0,0,0,1,1,1,0,0,0,1,1,Asp/Bra/Ser
Bifidobacterium_animalis_lactis_Bi_07,0,1,1,1,0,0,1,0,0,0,1,1,1,0,0,0,1,1,Asp/Bra/Ser
Bifidobacterium_animalis_lactis_Bl_04_ATCC_SD5219,0,1,1,1,0,0,1,0,0,0,1,1,1,0,0,0,1,1,Asp/Bra/Ser
Bifidobacterium_animalis_lactis_CNCM_I_2494,0,1,1,1,0,0,1,0,0,0,1,1,1,0,0,0,1,1,Asp/Bra/Ser
Bifidobacterium_animalis_lactis_DSM_10140,0,1,1,1,0,0,1,0,0,0,1,1,1,0,0,0,1,1,Asp/Bra/Ser
Bifidobacterium_animalis_lactis_V9,0,1,1,1,0,0,1,0,0,0,1,1,1,0,0,0,1,1,Asp/Bra/Ser
Bifidobacterium_bifidum_BGN4,0,1,1,1,0,0,1,0,0,0,1,1,1,0,0,0,1,1,Asp/Bra/Ser
Bifidobacterium_bifidum_NCIMB_41171,0,1,1,1,0,0,1,0,0,0,1,1,1,0,0,0,1,1,Asp/Bra/Ser
Bifidobacterium_bifidum_PRL2010,0,1,1,0,0,0,1,0,0,1,1,1,1,0,0,1,1,1,Bra
Bifidobacterium_bifidum_S17,0,1,1,1,0,0,1,0,0,0,1,1,1,0,0,0,1,1,Asp/Bra/Ser
Bifidobacterium_boum_DSM_20432,0,0,0,0,1,1,1,1,1,1,0,0,1,1,1,1,0,0,None
Bifidobacterium_breve_HPH0326,0,1,1,1,0,0,1,0,0,0,1,1,1,0,0,0,1,1,Asp/Bra/Ser
Bifidobacterium_breve_UCC2003_NCIMB8807,0,1,1,1,0,0,1,0,0,0,1,1,1,0,0,0,1,1,Asp/Bra/Ser
Bifidobacterium_catenulatum_DSM_16992,0,1,1,1,0,0,1,0,0,0,1,1,1,0,0,0,1,1,Asp/Bra/Ser
Bifidobacterium_coryneforme_DSM_20216,0,1,1,1,1,0,1,0,0,0,0,1,1,0,0,0,0,1,Asp/Ser/Aro
Bifidobacterium_dentium_ATCC_27678,0,1,1,1,0,0,1,0,0,0,1,1,1,0,0,0,1,1,Asp/Bra/Ser
Bifidobacterium_gallicum_DSM_20093,0,1,1,1,0,0,1,0,0,0,1,1,1,0,0,0,1,1,Asp/Bra/Ser
Bifidobacterium_kashiwanohense_DSM_21854,0,1,1,1,1,1,1,0,0,0,0,0,1,0,0,0,0,0,Asp/His
Bifidobacterium_longum_DJO10A,0,1,1,1,1,0,1,0,0,0,0,1,1,0,0,0,0,1,Asp/Ser/Aro
Bifidobacterium_longum_E18,0,1,1,1,1,1,1,0,0,0,0,0,1,0,0,0,0,0,Asp/His
Bifidobacterium_longum_infantis_157F_NC,0,1,1,1,0,0,1,0,0,0,1,1,1,0,0,0,1,1,Asp/Bra/Ser
Bifidobacterium_longum_infantis_ATCC_15697,0,0,0,0,0,0,1,1,1,1,1,1,1,1,1,1,1,1,Prototroph
Bifidobacterium_longum_longum_ATCC_55813,0,1,0,1,0,0,1,0,1,0,1,1,1,0,1,0,1,1,Asp/Ser
Bifidobacterium_longum_longum_BBMN68,0,1,1,1,0,0,1,0,0,0,1,1,1,0,0,0,1,1,Asp/Bra/Ser
Bifidobacterium_longum_longum_CCUG_52486,0,1,1,1,0,0,1,0,0,0,1,1,1,0,0,0,1,1,Asp/Bra/Ser
Bifidobacterium_longum_longum_JCM_1217,0,1,1,1,0,0,1,0,0,0,1,1,1,0,0,0,1,1,Asp/Bra/Ser
Bifidobacterium_longum_longum_JDM301,0,1,1,1,0,0,1,0,0,0,1,1,1,0,0,0,1,1,Asp/Bra/Ser
Bifidobacterium_longum_NCC2705,0,1,0,1,0,0,1,0,1,0,1,1,1,0,1,0,1,1,Asp/Ser
Bifidobacterium_mongoliense_DSM_21395,0,1,1,1,1,1,1,0,0,0,0,0,1,0,0,0,0,0,Asp/His
Bifidobacterium_pseudocatenulatum_DSM_20438,0,1,1,1,0,0,1,0,0,0,1,1,1,0,0,0,1,1,Asp/Bra/Ser
Bifidobacterium_pseudolongum_subsp_Pseudolongum_DSM_20099,0,1,1,1,1,1,1,0,0,0,0,0,1,0,0,0,0,0,Asp/His
Bifidobacterium_ruminantium_DSM_6489,0,0,1,0,1,1,1,1,0,1,0,0,1,1,0,1,0,0,None
Bifidobacterium_scardovii_JCM_12489,0,0,1,0,1,1,1,1,0,1,0,0,1,1,0,1,0,0,None
Bifidobacterium_stercoris_DSM_24849,0,1,0,1,1,1,1,0,1,0,0,0,1,0,1,0,0,0,None
Bifidobacterium_thermacidophilum_subsp_thermacidophilum_DSM_15837,0,1,0,1,1,1,1,0,1,0,0,0,1,0,1,0,0,0,None
Bifidobacterium_thermophilum_RBL67,0,1,0,1,0,0,1,0,1,0,1,1,1,0,1,0,1,1,Asp/Ser
Bilophila_wadsworthia_3_1_6,0,1,0,0,1,0,1,0,1,1,0,1,1,0,1,1,0,1,Aro
Blastococcus_massiliensis_AP3,0,0,0,0,0,0,1,1,1,1,1,1,1,1,1,1,1,1,Prototroph
Blautia_hansenii_VPI_C7_24_DSM_20583,0,1,0,1,0,0,1,1,1,1,1,1,1,1,1,1,1,1,Prototroph
Blautia_hydrogenotrophica_DSM_10507,0,1,1,1,0,0,1,0,0,0,1,1,1,0,0,0,1,1,Asp/Bra/Ser
Blautia_obeum_ATCC_29174,1,1,1,1,1,0,0,0,0,0,0,1,0,0,0,0,0,1,Glu/Ser/Aro
Blautia_producta_DSM_2950,0,1,1,1,1,0,1,0,0,0,0,1,1,0,0,0,0,1,Asp/Ser/Aro
Blautia_wexlerae_DSM_19850,1,1,1,1,1,0,0,0,0,0,0,1,0,0,0,0,0,1,Glu/Ser/Aro
Bordetella_hinzii_OH87_BAL007II,0,0,0,0,1,0,1,1,1,1,0,1,1,1,1,1,0,0,Aro
Brachybacterium_paraconglomeratum_LC44,0,1,0,1,0,0,1,0,1,0,1,1,1,0,1,0,1,1,Asp/Ser
Brachyspira_pilosicoli_B2904,1,1,0,1,0,1,0,0,1,0,1,0,0,0,1,0,1,0,Asp/His
Bradyrhizobium_elkanii_USDA_76,0,0,0,0,0,0,1,1,1,1,1,1,1,1,1,1,1,1,Prototroph
Bradyrhizobium_japonicum_USDA_6,0,0,0,0,0,0,1,1,1,1,1,1,1,1,1,1,1,0,Prototroph
Brevibacillus_agri_5_2,0,0,0,1,0,0,1,1,1,0,1,1,1,1,1,0,1,1,Ser
Brevibacillus_agri_BAB_2500,0,0,0,1,0,0,1,1,1,0,1,1,1,1,1,0,1,1,Ser
Brevibacillus_borstelensis_AK1,0,0,0,1,0,0,1,1,1,0,1,1,1,1,1,0,1,1,Ser
Brevibacillus_brevis_NBRC_100599,0,0,0,1,0,0,1,1,1,0,1,1,1,1,1,0,1,1,Ser
Brevibacterium_casei_S18,0,1,0,0,0,0,1,0,1,1,1,1,1,0,1,1,1,1,Asp
Brevibacterium_linens_BL2,0,1,0,0,0,0,1,0,1,1,1,1,1,0,1,1,1,1,Asp
Brevibacterium_massiliense_5401308,0,1,0,1,1,0,1,0,1,0,0,1,1,0,1,0,0,1,Asp/Ser/Aro
Brevundimonas_bacteroides_DSM_4726,0,1,0,0,1,0,1,0,1,1,0,1,1,0,1,1,0,1,Aro
Brevundimonas_diminuta_470_4,0,1,0,1,0,0,1,0,1,0,1,1,1,0,1,0,1,1,Asp/Ser
Brochothrix_thermosphacta_DSM_20171,0,1,0,1,0,0,1,0,1,0,1,1,1,0,1,0,1,1,Asp/Ser
Bulleidia_extructa_W1219,1,1,1,1,1,1,0,0,0,0,0,0,0,0,0,0,0,0,Auxotrophs
Burkholderia_cepacia_GG4,0,0,0,0,0,0,1,1,1,1,1,1,1,1,1,1,1,1,Prototroph
Burkholderiales_bacterium_1_1_47,0,1,1,1,0,0,1,0,0,0,1,1,1,0,0,0,1,1,Asp/Bra/Ser
Butyricicoccus_pullicaecorum_1_2,0,0,1,1,1,0,1,1,0,0,0,1,1,1,0,0,0,1,None
Butyricimonas_synergistica_DSM_23225,1,1,1,1,1,0,0,0,0,0,0,1,0,0,0,0,0,1,Glu/Ser/Aro
Butyricimonas_virosa_DSM_23226,1,1,1,1,1,0,0,0,0,0,0,1,0,0,0,0,0,1,Glu/Ser/Aro
Butyrivibrio_crossotus_DSM_2876,1,1,1,1,0,1,0,0,0,0,1,0,0,0,0,0,0,0,Asp/His
Butyrivibrio_fibrisolvens_16_4,0,1,0,0,0,0,1,0,1,1,1,1,1,0,1,1,1,1,Asp
Campylobacter_coli_JV20,0,0,1,0,0,0,1,1,0,1,1,1,1,1,0,1,1,1,Bra
Campylobacter_concisus_13826,1,1,1,1,0,0,0,0,0,0,1,1,0,0,0,0,1,1,Glu/Asp
Campylobacter_curvus_525_92,0,1,1,1,0,0,1,0,0,0,1,1,1,0,0,0,1,1,Asp/Bra/Ser
Campylobacter_fetus_subsp_fetus_82_40,0,1,0,1,0,0,1,0,1,0,1,1,1,0,1,0,1,1,Asp/Ser
Campylobacter_gracilis_RM3268,1,1,0,0,0,0,0,0,1,1,1,1,0,0,1,1,1,0,None
Campylobacter_hominis_ATCC_BAA_381,0,1,1,1,0,0,1,0,0,0,1,1,1,0,0,0,0,0,Asp/Bra/Ser
Campylobacter_hyointestinalis_subsp_hyointestinalis_LMG_9260,0,1,0,0,0,0,1,0,1,1,1,1,1,0,1,1,1,0,Asp
Campylobacter_jejuni_jejuni_81_176,0,1,1,0,0,0,1,0,0,1,1,1,1,0,0,1,1,1,Bra
Campylobacter_jejuni_jejuni_ICDCCJ07004,0,1,1,1,0,0,1,0,0,0,1,1,1,0,0,0,1,1,Asp/Bra/Ser
Campylobacter_jejuni_jejuni_M1,0,1,1,0,0,0,1,0,0,1,1,1,1,0,0,1,1,1,Bra
Campylobacter_jejuni_jejuni_NCTC_11168,0,1,1,0,0,0,1,0,0,1,1,1,1,0,0,1,1,1,Bra
Campylobacter_lari_RM2100,1,1,1,1,1,0,0,0,0,0,0,1,0,0,0,0,0,1,Glu/Ser/Aro
Campylobacter_rectus_RM3267,0,1,0,0,0,0,1,0,1,1,1,1,1,0,1,1,1,0,Asp
Campylobacter_showae_CSUNSWCD,0,1,0,0,0,0,1,0,1,1,1,1,1,0,1,1,1,0,Asp
Campylobacter_upsaliensis_JV21,1,1,1,1,0,0,0,0,0,0,1,1,0,0,0,0,1,1,Glu/Asp
Candidatus_Nitrososphaera_gargensis_Ga9_2,1,1,0,1,1,1,0,0,1,0,0,0,0,0,1,0,0,0,Glu/Ser/Aro
Capnocytophaga_granulosa_ATCC_51502,1,1,1,1,1,1,0,0,0,0,0,0,0,0,0,0,0,0,Auxotrophs
Capnocytophaga_ochracea_DSM_7271,1,1,1,1,1,1,0,0,0,0,0,0,0,0,0,0,0,0,Auxotrophs
Capnocytophaga_sputigena_ATCC_33612,1,1,1,1,1,1,0,0,0,0,0,0,0,0,0,0,0,0,Auxotrophs
Catenibacterium_mitsuokai_DSM_15897,0,1,1,1,0,0,1,0,0,0,1,1,1,0,0,0,1,1,Asp/Bra/Ser
Cedecea_davisae_DSM_4568,0,0,0,0,0,0,1,1,1,1,1,1,1,1,1,1,1,0,Prototroph
Cellulosilyticum_lentocellum_DSM_5427,1,0,1,0,0,0,0,1,0,1,1,1,0,1,0,1,1,1,None
Cellulosimicrobium_cellulans_J36,1,1,1,1,1,1,0,0,0,0,0,0,0,0,0,0,0,0,Auxotrophs
Cetobacterium_somerae_ATCC_BAA_47401,1,1,1,1,1,1,0,0,0,0,0,0,0,0,0,0,0,0,Auxotrophs
Citrobacter_amalonaticus_Y19,0,0,0,0,0,0,1,1,1,1,1,1,1,1,1,1,1,0,Prototroph
Citrobacter_freundii_ATCC_8090,0,0,0,0,0,0,1,1,1,1,1,1,1,1,1,1,1,0,Prototroph
Citrobacter_freundii_UCI_31,0,0,0,0,0,0,1,1,1,1,1,1,1,1,1,1,1,0,Prototroph
Citrobacter_koseri_ATCC_BAA_895,0,0,0,0,0,0,1,1,1,1,1,1,1,1,1,1,1,0,Prototroph
Citrobacter_sp_30_2,0,0,0,0,0,0,1,1,1,1,1,1,1,1,1,1,1,0,Prototroph
Citrobacter_youngae_ATCC_29220,0,0,0,0,0,0,1,1,1,1,1,1,1,1,1,1,1,0,Prototroph
Cloacibacillus_evryensis_DSM_19522,0,1,0,1,1,0,1,0,1,0,0,1,1,0,1,0,0,1,Asp/Ser/Aro
Clostridiales_sp_1_7_47FAA,1,1,1,1,0,0,0,0,0,0,1,1,0,0,0,0,1,1,Glu/Asp
Clostridium_acetobutylicum_ATCC_824,0,0,0,0,0,0,1,1,1,1,1,1,1,1,1,1,1,1,Prototroph
Clostridium_asparagiforme_DSM_15981,0,1,1,1,0,0,1,0,0,0,1,1,1,0,0,0,1,1,Asp/Bra/Ser
Clostridium_bartlettii_DSM_16795,0,1,0,1,1,0,1,0,1,0,0,1,1,0,1,0,0,1,Asp/Ser/Aro
Clostridium_beijerinckii_NCIMB_8052,0,0,0,0,0,0,1,1,1,1,1,1,1,1,1,1,1,1,Prototroph
Clostridium_bifermentans_ATCC_19299,1,1,1,1,1,1,0,0,0,0,0,0,0,0,0,0,0,0,Auxotrophs
Clostridium_bolteae_ATCC_BAA_613,1,1,0,1,0,0,0,0,1,0,1,1,0,0,1,0,1,1,Glu/Asp
Clostridium_botulinum_A_str_ATCC_19397,0,1,1,1,1,0,1,0,0,0,0,1,1,0,0,0,0,1,Asp/Ser/Aro
Clostridium_botulinum_A_str_ATCC_3502,0,1,1,1,1,0,1,0,0,0,0,1,1,0,0,0,0,1,Asp/Ser/Aro
Clostridium_botulinum_A_str_Hall,0,1,1,1,1,0,1,0,0,0,0,1,1,0,0,0,0,1,Asp/Ser/Aro
Clostridium_botulinum_Bf,0,1,1,1,1,0,1,0,0,0,0,1,1,0,0,0,0,1,Asp/Ser/Aro
Clostridium_botulinum_E1_str_BoNT_E_Beluga,0,0,0,0,1,0,1,1,1,1,0,1,1,1,1,1,0,1,Aro
Clostridium_botulinum_F_str_230613,0,1,1,1,1,0,1,0,0,0,0,1,1,0,0,0,0,1,Asp/Ser/Aro
Clostridium_butyricum_DSM_10702,0,0,0,0,0,0,1,1,1,1,1,1,1,1,1,1,1,1,Prototroph
Clostridium_butyricum_E4_str_BoNT_E_BL5262,0,0,0,0,0,0,1,1,1,1,1,1,1,1,1,1,1,1,Prototroph
Clostridium_cadaveris_AGR2141,1,1,1,1,1,1,0,0,0,0,0,0,0,0,0,0,0,0,Auxotrophs
Clostridium_celatum_DSM_1785,0,0,0,0,1,0,1,1,1,1,0,1,1,1,1,1,0,1,Aro
Clostridium_cellobioparum_DSM_1351,1,1,1,1,0,0,0,0,0,0,1,1,0,0,0,0,1,1,Glu/Asp
Clostridium_citroniae_WAL_17108,0,1,0,1,0,0,1,0,1,0,1,1,1,0,1,0,1,1,Asp/Ser
Clostridium_clariflavum_DSM_19732,0,0,1,0,0,0,1,1,0,1,1,1,1,1,0,1,1,1,Bra
Clostridium_clostridioforme_CM201,1,1,0,1,0,0,0,0,1,0,1,1,0,0,1,0,1,1,Glu/Asp
Clostridium_difficile_CD196,0,0,1,0,1,0,1,1,0,1,0,1,1,1,0,1,0,1,None
Clostridium_difficile_NAP07,0,1,1,0,1,0,1,0,0,1,0,1,1,0,0,1,0,1,None
Clostridium_difficile_NAP08,0,1,1,0,1,0,1,0,0,1,0,1,1,0,0,1,0,1,None
Clostridium_difficile_R20291,0,0,1,0,1,0,1,1,0,1,0,1,1,1,0,1,0,1,None
Clostridium_glycolicum_ATCC_14880,0,0,1,1,0,0,1,1,0,0,1,1,1,1,0,0,1,1,None
Clostridium_hathewayi_12489931,1,1,0,1,0,0,0,0,1,0,1,1,0,0,1,0,1,1,Glu/Asp
Clostridium_hathewayi_DSM_13479,1,1,1,1,1,0,0,0,0,0,0,1,0,0,0,0,0,1,Glu/Ser/Aro
Clostridium_hiranonis_TO_931_DSM_13275,1,1,1,1,1,1,0,0,0,0,0,0,0,0,0,0,0,0,Auxotrophs
Clostridium_hylemonae_DSM_15053,1,1,0,1,1,0,0,0,1,0,0,1,0,0,1,0,0,1,None
Clostridium_indolis_DSM_755,1,1,0,1,1,0,0,0,1,0,0,1,0,0,1,0,0,1,None
Clostridium_innocuum_2959,0,0,0,1,0,0,1,1,1,0,1,1,1,1,1,0,1,1,Ser
Clostridium_leptum_DSM_753,0,1,1,1,0,0,1,0,0,0,1,1,1,0,0,0,1,1,Asp/Bra/Ser
Clostridium_methoxybenzovorans_SR3,1,1,0,1,1,0,0,0,1,0,0,1,0,0,1,0,0,1,None
Clostridium_methylpentosum_R2_DSM_5476,1,1,1,1,0,0,0,0,0,0,1,1,0,0,0,0,1,1,Glu/Asp
Clostridium_nexile_DSM_1787,1,1,1,1,0,0,0,0,0,0,1,1,0,0,0,0,1,1,Glu/Asp
Clostridium_paraputrificum_AGR2156,0,0,0,1,1,0,1,1,1,0,0,1,1,1,1,0,0,1,None
Clostridium_perfringens_ATCC_13124,1,1,1,0,0,1,0,0,0,1,1,0,0,0,0,1,1,0,Asp/His
Clostridium_ramosum_VPI_0427_DSM_1402,0,0,0,1,0,0,1,1,1,0,1,1,1,1,1,0,1,1,Ser
Clostridium_saccharogumia_DSM_17460,0,0,1,1,1,0,1,1,0,0,0,1,1,1,0,0,0,1,None
Clostridium_saccharoperbutylacetonicum_N1_4_HMT,0,0,0,0,0,0,1,1,1,1,1,1,1,1,1,1,1,1,Prototroph
Clostridium_sartagoforme_AAU1,0,0,1,1,1,0,1,1,0,0,0,1,1,1,0,0,0,1,None
Clostridium_scindens_ATCC_35704,1,1,0,1,1,0,0,0,1,0,0,1,0,0,1,0,0,1,None
Clostridium_sordellii_ATCC_9714,1,1,1,1,1,1,0,0,0,0,0,0,0,0,0,0,0,0,Auxotrophs
Clostridium_sp_7_2_43FAA,1,0,1,0,1,1,0,1,0,1,0,0,0,1,0,1,0,0,None
Clostridium_sp_L2_50,1,1,1,0,0,0,0,0,0,1,1,1,0,0,0,1,0,1,Glu/Asp
Clostridium_sp_M62_1,0,1,0,1,1,1,1,0,1,0,0,0,1,0,1,0,0,0,None
Clostridium_sp_SS2_1,1,0,1,0,0,0,0,1,0,1,1,1,0,1,0,1,1,1,None
Clostridium_sp_SY8519,0,1,1,1,0,0,1,0,0,0,1,1,1,0,0,0,1,1,Asp/Bra/Ser
Clostridium_spiroforme_DSM_1552,0,1,1,1,0,0,1,0,0,0,1,1,1,0,0,0,1,1,Asp/Bra/Ser
Clostridium_sporosphaeroides_DSM_1294,0,1,0,1,0,0,1,0,1,0,1,1,1,0,1,0,1,1,Asp/Ser
Clostridium_sticklandii_DSM_519,0,0,1,1,0,0,1,1,0,0,1,1,1,1,0,0,1,1,None
Clostridium_symbiosum_ATCC_14940,1,1,0,1,1,1,0,0,1,0,0,0,0,0,1,0,0,0,Glu/Ser/Aro
Clostridium_symbiosum_WAL_14163,0,1,0,0,0,1,1,0,1,1,1,0,1,0,1,1,1,0,None
Clostridium_symbiosum_WAL_14673,0,1,0,0,0,1,1,0,1,1,1,0,1,0,1,1,1,0,None
Clostridium_tyrobutyricum_DSM_2637,1,0,0,0,0,0,0,1,1,1,1,1,0,1,1,1,1,1,None
Clostridium_viride_DSM_6836,1,1,1,1,1,0,0,0,0,0,0,1,0,0,0,0,0,1,Glu/Ser/Aro
Collinsella_aerofaciens_ATCC_25986,1,1,1,1,0,0,0,0,0,0,1,1,0,0,0,0,1,1,Glu/Asp
Collinsella_intestinalis_DSM_13280,1,1,1,1,1,1,0,0,0,0,0,0,0,0,0,0,0,0,Auxotrophs
Collinsella_stercoris_DSM_13279,1,1,1,1,1,0,0,0,0,0,0,1,0,0,0,0,0,1,Glu/Ser/Aro
Collinsella_tanakaei_YIT_12063,1,1,1,1,1,0,0,0,0,0,0,1,0,0,0,0,0,1,Glu/Ser/Aro
Comamonas_testosteroni_CNB_2,0,1,0,0,0,0,1,0,1,1,1,1,1,0,1,1,1,1,Asp
Coprobacillus_sp_29_1,0,1,0,1,0,0,1,0,1,0,1,1,1,0,1,0,1,1,Asp/Ser
Coprobacillus_sp_D7,0,0,0,1,1,0,1,1,1,0,0,1,1,1,1,0,0,1,None
Coprococcus_catus_GD_7,0,0,1,1,1,0,1,1,0,0,0,1,1,1,0,0,0,0,None
Coprococcus_comes_ATCC_27758,0,0,1,1,0,0,1,1,0,0,1,1,1,1,0,0,1,1,None
Coprococcus_eutactus_ATCC_27759,1,1,1,1,0,0,0,0,0,0,1,1,0,0,0,0,1,1,Glu/Asp
Corynebacterium_ammoniagenes_DSM_20306,0,0,0,0,0,0,1,1,1,1,1,1,1,1,1,1,1,1,Prototroph
Corynebacterium_amycolatum_SK46,0,0,1,0,0,0,1,1,0,1,1,1,1,1,0,1,1,1,Bra
Corynebacterium_aurimucosum_ATCC_700975,0,1,0,0,0,0,1,0,1,1,1,1,1,0,1,1,1,1,Asp
Corynebacterium_durum_F0235,0,0,0,0,0,0,1,1,1,1,1,1,1,1,1,1,1,1,Prototroph
Corynebacterium_glucuronolyticum_ATCC_51867,0,1,1,0,0,0,1,0,0,1,1,1,1,0,0,1,1,1,Bra
Corynebacterium_kroppenstedtii_DSM_44385,0,0,1,0,0,0,1,1,0,1,1,1,1,1,0,1,1,1,Bra
Corynebacterium_propinquum_DSM_44285,0,1,0,0,0,0,1,0,1,1,1,1,1,0,1,1,1,1,Asp
Corynebacterium_striatum_ATCC_6940,0,1,1,0,0,0,1,0,0,1,1,1,1,0,0,1,1,1,Bra
Corynebacterium_tuberculostearicum_SK141,0,1,0,0,0,0,1,0,1,1,1,1,1,0,1,1,1,1,Asp
Corynebacterium_ulcerans_809,0,1,0,1,0,0,1,0,1,0,1,1,1,0,1,0,1,1,Asp/Ser
Corynebacterium_ureicelerivorans,0,1,1,0,1,1,1,0,0,1,0,0,1,0,0,1,0,0,None
Cronobacter_sakazakii_ATCC_BAA_894,0,0,0,0,0,0,1,1,1,1,1,1,1,1,1,1,1,0,Prototroph
Cryptobacterium_curtum_DSM_15641,1,1,1,1,1,1,0,0,0,0,0,0,0,0,0,0,0,0,Auxotrophs
Curtobacterium_flaccumfaciens_UCD_AKU,0,1,0,1,0,0,1,0,1,0,1,1,1,0,1,0,1,1,Asp/Ser
Delftia_acidovorans_SPH_1,0,1,0,0,0,0,1,0,1,1,1,1,1,0,1,1,1,1,Asp
Dermacoccus_nishinomiyaensis,0,1,0,0,1,0,1,0,1,1,0,1,1,0,1,1,0,0,Aro
Desulfovibrio_desulfuricans_subsp_desulfuricans_DSM_642,0,0,0,0,0,0,1,1,1,1,1,1,1,1,1,1,1,1,Prototroph
Desulfovibrio_piger_ATCC_29098,1,0,1,0,1,0,0,1,0,1,0,1,0,1,0,1,0,1,None
Desulfovibrio_sp_3_1_syn3,0,0,0,0,1,0,1,1,1,1,0,1,1,1,1,1,0,1,Aro
Dialister_invisus_DSM_15470,0,1,1,1,1,1,1,0,0,0,0,0,1,0,0,0,0,0,Asp/His
Dialister_succinatiphilus_YIT_11850,0,1,1,1,0,0,1,0,0,0,1,1,1,0,0,0,1,1,Asp/Bra/Ser
Dietzia_cinnamea_P4,0,0,1,0,1,0,1,1,0,1,0,1,1,1,0,1,0,1,None
Dorea_formicigenerans_ATCC_27755,0,0,0,0,0,0,1,1,1,1,1,1,1,1,1,1,1,0,Prototroph
Dorea_longicatena_DSM_13814,1,0,0,0,1,0,0,1,1,1,0,1,0,1,0,1,0,0,None
Dyadobacter_beijingensis_DSM_21582,0,1,0,0,0,0,1,0,1,1,1,1,1,0,1,1,1,0,Asp
Dyadobacter_fermentans_DSM_18053,0,0,0,0,0,0,1,1,1,1,1,1,1,1,1,1,1,0,Prototroph
Dysgonomonas_gadei_ATCC_BAA_286,0,0,0,1,0,0,1,1,1,0,1,1,1,1,1,0,1,0,Ser
Edwardsiella_tarda_ATCC_23685,0,0,0,0,0,0,1,1,1,1,1,1,1,1,1,1,1,1,Prototroph
Edwardsiella_tarda_FL6_60,0,0,1,0,0,0,1,1,0,1,1,1,1,1,0,1,1,1,Bra
Eggerthella_lenta_DSM_2243,0,1,1,1,1,0,1,0,0,0,0,1,1,0,0,0,0,1,Asp/Ser/Aro
Eggerthella_sp_1_3_56FAA,0,1,0,0,1,0,1,0,1,1,0,1,1,0,1,1,0,1,Aro
Eggerthella_sp_YY7918,0,1,1,1,1,0,1,0,0,0,0,1,1,0,0,0,0,1,Asp/Ser/Aro
Eggerthia_catenaformis_OT_569,1,1,1,1,1,0,0,0,0,0,0,1,0,0,0,0,0,1,Glu/Ser/Aro
Eikenella_corrodens_ATCC_23834,1,1,1,0,0,1,0,0,0,1,1,0,0,0,0,1,1,0,Asp/His
Enterobacter_aerogenes_KCTC_2190,0,0,0,0,0,0,1,1,1,1,1,1,1,1,1,1,1,0,Prototroph
Enterobacter_asburiae_LF7a,0,0,0,0,0,0,1,1,1,1,1,1,1,1,1,1,1,0,Prototroph
Enterobacter_cancerogenus_ATCC_35316,0,0,0,0,0,0,1,1,1,1,1,1,1,1,1,1,1,0,Prototroph
Enterobacter_cloacae_EcWSU1,0,0,0,0,0,0,1,1,1,1,1,1,1,1,1,1,1,0,Prototroph
Enterobacter_hormaechei_YT2,0,0,0,0,0,0,1,1,1,1,1,1,1,1,1,1,1,0,Prototroph
Enterobacter_hormaechei_YT3,0,0,0,0,1,0,1,1,1,1,0,1,1,1,1,1,0,0,Aro
Enterobacteriaceae_bacterium_9_2_54FAA,0,0,0,0,0,0,1,1,1,1,1,1,1,1,1,1,1,0,Prototroph
Enterococcus_asini_ATCC_700915,0,1,0,0,1,0,1,0,1,1,0,1,1,0,1,1,0,1,Aro
Enterococcus_avium_ATCC_14025,0,0,0,1,0,0,1,1,1,0,1,1,1,1,1,0,1,1,Ser
Enterococcus_caccae_ATCC_BAA_1240,0,1,0,0,0,1,1,0,1,1,1,0,1,0,1,1,1,0,None
Enterococcus_casseliflavus_ATCC_12755,0,1,0,1,0,0,1,0,1,0,1,1,1,0,1,0,1,1,Asp/Ser
Enterococcus_cecorum_DSM_20682,0,1,1,0,0,0,1,0,0,1,1,1,1,0,0,1,1,1,Bra
Enterococcus_dispar_ATCC_51266,0,1,0,0,1,0,1,0,1,1,0,1,1,0,1,1,0,1,Aro
Enterococcus_durans_ATCC_6056,1,1,1,1,0,1,0,0,0,0,1,0,0,0,0,0,1,0,Asp/His
Enterococcus_faecalis_OG1RF_ATCC_47077,1,1,1,1,1,1,0,0,0,0,0,0,0,0,0,0,0,0,Auxotrophs
Enterococcus_faecalis_TX0104,1,1,1,1,1,1,0,0,0,0,0,0,0,0,0,0,0,0,Auxotrophs
Enterococcus_faecalis_TX1322,1,1,1,1,1,1,0,0,0,0,0,0,0,0,0,0,0,0,Auxotrophs
Enterococcus_faecalis_TX2134,1,1,1,1,1,1,0,0,0,0,0,0,0,0,0,0,0,0,Auxotrophs
Enterococcus_faecalis_V583,1,1,1,1,1,1,0,0,0,0,0,0,0,0,0,0,0,0,Auxotrophs
Enterococcus_faecium_TX1330,1,1,1,1,1,1,0,0,0,0,0,0,0,0,0,0,0,0,Auxotrophs
Enterococcus_gallinarum_EG2,0,1,0,0,1,1,1,0,1,1,0,0,1,0,1,1,0,0,None
Enterococcus_hirae_ATCC_9790,1,1,1,1,1,1,0,0,0,0,0,0,0,0,0,0,0,0,Auxotrophs
Enterococcus_phoeniculicola_ATCC_BAA_412,0,1,1,1,1,1,1,0,0,0,0,0,1,0,0,0,0,0,Asp/His
Enterococcus_saccharolyticus_DSM8903,1,1,1,1,0,0,0,0,0,0,1,1,0,0,0,0,1,1,Glu/Asp
Enterococcus_sp_7L76,1,1,1,1,1,1,0,0,0,0,0,0,0,0,0,0,0,0,Auxotrophs
Erysipelotrichaceae_bacterium_5_2_54FAA,0,1,0,1,1,0,1,0,1,0,0,1,1,0,1,0,0,1,Asp/Ser/Aro
Erysipelotrichaceae_bacterium_sp_3_1_53,0,1,0,0,0,0,1,0,1,1,1,1,1,0,1,1,1,1,Asp
Escherichia_albertii_KF1,0,0,0,0,1,0,1,1,1,1,0,1,1,1,1,1,0,0,Aro
Escherichia_albertii_TW07627,0,0,0,0,0,0,1,1,1,1,1,1,1,1,1,1,1,0,Prototroph
Escherichia_coli_O157_H7_str_Sakai,0,0,0,0,0,0,1,1,1,1,1,1,1,1,1,1,1,0,Prototroph
Escherichia_coli_SE11,0,0,0,0,0,0,1,1,1,1,1,1,1,1,1,1,1,0,Prototroph
Escherichia_coli_str_K_12_substr_MG1655,0,0,0,0,0,0,1,1,1,1,1,1,1,1,1,1,1,0,Prototroph
Escherichia_coli_UTI89_UPEC,0,0,0,0,0,0,1,1,1,1,1,1,1,1,1,1,1,0,Prototroph
Escherichia_fergusonii_ATCC_35469,0,0,0,0,0,0,1,1,1,1,1,1,1,1,1,1,1,0,Prototroph
Escherichia_hermannii_NBRC_105704,0,0,0,0,0,0,1,1,1,1,1,1,1,1,1,1,1,0,Prototroph
Escherichia_sp_1_1_43,1,0,0,0,1,1,0,1,1,1,0,0,0,1,1,1,0,0,None
Escherichia_sp_3_2_53FAA,0,0,0,0,0,0,1,1,1,1,1,1,1,1,1,1,1,0,Prototroph
Escherichia_sp_4_1_40B,0,0,0,0,0,0,1,1,1,1,1,1,1,1,1,1,1,0,Prototroph
Eubacterium_biforme_DSM_3989,1,1,1,1,1,0,0,0,0,0,0,1,0,0,0,0,0,1,Glu/Ser/Aro
Eubacterium_brachy_ATCC_33089,1,1,1,1,1,1,0,0,0,0,0,0,0,0,0,0,0,0,Auxotrophs
Eubacterium_cellulosolvens_6,1,0,1,0,0,0,0,1,0,1,1,1,0,1,0,1,1,0,None
Eubacterium_cylindroides_T2_87,1,1,1,1,1,1,0,0,0,0,0,0,0,0,0,0,0,0,Auxotrophs
Eubacterium_desmolans_ATCC_43058,1,0,0,0,1,0,0,1,1,1,0,1,0,1,1,1,0,0,None
Eubacterium_dolichum_DSM_3991,1,1,1,1,1,0,0,0,0,0,0,1,0,0,0,0,0,1,Glu/Ser/Aro
Eubacterium_eligens_ATCC_27750,1,0,1,0,0,0,0,1,0,1,1,1,0,1,0,1,1,0,None
Eubacterium_hallii_DSM_3353,1,1,1,1,0,0,0,0,0,0,1,1,0,0,0,0,1,1,Glu/Asp
Eubacterium_hallii_L2_7,1,1,1,1,1,0,0,0,0,0,0,1,0,0,0,0,0,1,Glu/Ser/Aro
Eubacterium_limosum_KIST612,0,1,1,1,0,0,1,0,0,0,1,1,1,0,0,0,1,1,Asp/Bra/Ser
Eubacterium_ramulus_ATCC_29099,0,1,1,1,1,0,1,0,0,0,0,1,1,0,0,0,0,1,Asp/Ser/Aro
Eubacterium_rectale_ATCC_33656,1,1,1,1,0,0,0,0,0,0,1,1,0,0,0,0,1,1,Glu/Asp
Eubacterium_rectale_M104_1,1,1,1,1,0,0,0,0,0,0,1,1,0,0,0,0,1,1,Glu/Asp
Eubacterium_saphenum_ATCC_49989,1,1,1,1,1,0,0,0,0,0,0,1,0,0,0,0,0,1,Glu/Ser/Aro
Eubacterium_siraeum_70_3,0,0,1,0,1,0,1,1,0,1,0,1,1,1,0,1,0,1,None
Eubacterium_siraeum_DSM_15702,0,1,1,1,1,0,1,0,0,0,0,1,1,0,0,0,0,1,Asp/Ser/Aro
Eubacterium_sulci_ATCC_35585,1,1,1,1,1,1,0,0,0,0,0,0,0,0,0,0,0,0,Auxotrophs
Eubacterium_ventriosum_ATCC_27560,1,1,1,1,0,0,0,0,0,0,1,1,0,0,0,0,1,1,Glu/Asp
Exiguobacterium_aurantiacum_DSM_6208,0,1,1,1,1,0,1,0,0,0,0,1,1,0,0,0,0,1,Asp/Ser/Aro
Faecalibacterium_cf_prausnitzii_KLE1255,0,1,1,1,1,0,1,0,0,0,0,1,1,0,0,0,0,1,Asp/Ser/Aro
Faecalibacterium_prausnitzii_A2_165,0,1,1,0,1,0,1,0,0,1,0,1,1,0,0,1,0,1,None
Faecalibacterium_prausnitzii_L2_6,0,1,1,1,1,1,1,0,0,0,0,0,1,0,0,0,0,0,Asp/His
Faecalibacterium_prausnitzii_M21_2,0,0,1,0,1,0,1,1,0,1,0,1,1,1,0,1,0,1,None
Faecalibacterium_prausnitzii_SL3_3,0,0,1,0,1,0,1,1,0,1,0,1,1,1,0,1,0,1,None
Filifactor_alocis_ATCC_35896,1,1,1,1,1,1,0,0,0,0,0,0,0,0,0,0,0,0,Auxotrophs
Finegoldia_magna_ATCC_29328,1,1,1,1,1,1,0,0,0,0,0,0,0,0,0,0,0,0,Auxotrophs
Flavonifractor_plautii_ATCC_29863,0,1,1,1,1,0,1,0,0,0,0,1,1,0,0,0,0,1,Asp/Ser/Aro
Fusobacterium_gonidiaformans_3_1_5R,1,1,1,1,1,1,0,0,0,0,0,0,0,0,0,0,0,0,Auxotrophs
Fusobacterium_gonidiaformans_ATCC_25563,1,1,1,1,1,1,0,0,0,0,0,0,0,0,0,0,0,0,Auxotrophs
Fusobacterium_mortiferum_ATCC_9817,1,1,1,0,1,1,0,0,0,1,0,0,0,0,0,1,0,0,Asp/His
Fusobacterium_necrophorum_D12,1,1,1,0,1,1,0,0,0,1,0,0,0,0,0,1,0,0,Asp/His
Fusobacterium_nucleatum_subsp_animalis_3_1_33,1,1,1,0,1,1,0,0,0,1,0,0,0,0,0,1,0,0,Asp/His
Fusobacterium_nucleatum_subsp_animalis_7_1,1,1,1,0,1,1,0,0,0,1,0,0,0,0,0,1,0,0,Asp/His
Fusobacterium_nucleatum_subsp_animalis_D11,1,1,1,0,0,1,0,0,0,1,1,0,0,0,0,1,1,0,Asp/His
Fusobacterium_nucleatum_subsp_nucleatum_ATCC_25586,1,1,1,1,1,1,0,0,0,0,0,0,0,0,0,0,0,0,Auxotrophs
Fusobacterium_nucleatum_subsp_vincentii_3_1_27,1,1,1,0,1,1,0,0,0,1,0,0,0,0,0,1,0,0,Asp/His
Fusobacterium_nucleatum_subsp_vincentii_3_1_36A2,1,1,1,0,1,1,0,0,0,1,0,0,0,0,0,1,0,0,Asp/His
Fusobacterium_nucleatum_subsp_vincentii_4_1_13,1,1,1,0,1,1,0,0,0,1,0,0,0,0,0,1,0,0,Asp/His
Fusobacterium_periodonticum_1_1_41FAA,1,1,1,1,1,1,0,0,0,0,0,0,0,0,0,0,0,0,Auxotrophs
Fusobacterium_periodonticum_2_1_31,1,0,1,1,1,1,0,1,0,0,0,0,0,1,0,0,0,0,Glu/Ser/Aro
Fusobacterium_russii_ATCC_25533,1,1,1,1,1,1,0,0,0,0,0,0,0,0,0,0,0,0,Auxotrophs
Fusobacterium_sp_4_8,1,1,1,1,1,1,0,0,0,0,0,0,0,0,0,0,0,0,Auxotrophs
Fusobacterium_ulcerans_ATCC_49185,1,1,1,0,1,1,0,0,0,1,0,0,0,0,0,1,0,0,Asp/His
Fusobacterium_varium_ATCC_27725,0,1,1,0,1,1,1,0,0,1,0,0,1,0,0,1,0,0,None
Gemella_haemolysans_ATCC_10379,1,1,1,1,1,1,0,0,0,0,0,0,0,0,0,0,0,0,Auxotrophs
Gemella_morbillorum_M424,1,1,1,1,1,1,0,0,0,0,0,0,0,0,0,0,0,0,Auxotrophs
Gemella_sanguinis_ATCC700632,1,1,1,1,1,1,0,0,0,0,0,0,0,0,0,0,0,0,Auxotrophs
Gemella_sanguinis_M325,1,1,1,1,1,1,0,0,0,0,0,0,0,0,0,0,0,0,Auxotrophs
Geobacillus_stearothermophilus_ATCC_7953,1,0,0,1,1,0,0,1,1,0,0,1,0,1,1,0,0,1,None
Geobacillus_vulcani_PSS1,0,0,0,1,0,0,1,1,1,0,1,1,1,1,1,0,1,1,Ser
Gordonia_rubripertincta_NBRC_101908,0,0,0,0,0,0,1,1,1,1,1,1,1,1,1,1,1,1,Prototroph
Gordonia_terrae_C_6,0,0,0,0,0,0,1,1,1,1,1,1,1,1,1,1,1,1,Prototroph
Gordonia_terrae_NBRC_100016,0,0,0,0,0,0,1,1,1,1,1,1,1,1,1,1,1,1,Prototroph
Gordonibacter_pamelaeae_7_10_1_bT_DSM_19378,0,0,1,0,1,0,1,1,0,1,0,1,1,1,0,1,0,1,None
Granulicatella_adiacens_ATCC_49175,1,1,1,1,1,1,0,0,0,0,0,0,0,0,0,0,0,0,Auxotrophs
Granulicatella_elegans_ATCC_700633,1,1,1,1,1,1,0,0,0,0,0,0,0,0,0,0,0,0,Auxotrophs
Grimontia_hollisae_CIP_101886,0,0,0,0,0,0,1,1,1,1,1,1,1,1,1,1,1,0,Prototroph
Haemophilus_haemolyticus_M19501,0,0,1,1,0,1,1,1,0,0,1,0,1,1,0,0,1,0,None
Haemophilus_influenzae_R2846,0,0,0,1,0,0,1,1,1,0,1,1,1,1,1,0,1,1,Ser
Haemophilus_parainfluenzae_T3T1,0,0,0,0,0,1,1,1,1,1,1,0,1,1,1,1,1,0,None
Haemophilus_sputorum_CCUG_13788,0,0,1,0,0,0,1,1,0,1,1,1,1,1,0,1,1,1,Bra
Hafnia_alvei_ATCC_51873,0,0,0,0,0,0,1,1,1,1,1,1,1,1,1,1,1,0,Prototroph
Hafnia_alvei_BIDMC_31,0,0,0,0,1,0,1,1,1,1,0,1,1,1,1,1,0,0,Aro
Halococcus_morrhuae_DSM1307,0,1,1,1,1,0,1,0,0,0,0,1,1,0,0,0,0,1,Asp/Ser/Aro
Helicobacter_bilis_ATCC_43879,1,1,0,0,0,0,0,0,1,1,1,1,0,0,1,1,1,1,None
Helicobacter_canadensis_MIT_98_5491,0,0,1,1,0,0,1,1,0,0,1,1,1,1,0,0,1,1,None
Helicobacter_cinaedi_CCUG_18818,0,1,1,0,0,0,1,0,0,1,1,1,1,0,0,1,1,1,Bra
Helicobacter_pullorum_MIT_98_5489,0,0,1,1,0,0,1,1,0,0,1,1,1,1,0,0,1,1,None
Helicobacter_pylori_26695,1,1,1,1,1,1,0,0,0,0,0,0,0,0,0,0,0,0,Auxotrophs
Helicobacter_winghamensis_ATCC_BAA_430,0,0,1,0,0,0,1,1,0,1,1,1,1,1,0,1,1,1,Bra
Holdemania_filiformis_VPI_J1_31B_1_DSM_12042,1,1,1,1,1,1,0,0,0,0,0,0,0,0,0,0,0,0,Auxotrophs
Kallipyga_massiliensis_ph2,1,1,1,1,1,1,0,0,0,0,0,0,0,0,0,0,0,0,Auxotrophs
Kandleria_vitulina_DSM_20405,0,1,0,1,1,0,1,0,1,0,0,1,1,0,1,0,0,1,Asp/Ser/Aro
Kingella_oralis_ATCC_51147,1,1,1,0,0,0,0,0,0,1,1,1,0,0,0,1,1,0,Glu/Asp
Klebsiella_oxytoca_KCTC_1686,0,0,0,0,0,0,1,1,1,1,1,1,1,1,1,1,1,0,Prototroph
Klebsiella_pneumoniae_pneumoniae_MGH78578,0,0,0,0,0,0,1,1,1,1,1,1,1,1,1,1,1,1,Prototroph
Klebsiella_sp_1_1_55,0,0,0,0,0,0,1,1,1,1,1,1,1,1,1,1,1,0,Prototroph
Kluyvera_ascorbata_ATCC_33433,0,0,0,0,1,0,1,1,1,1,0,1,1,1,1,1,0,0,Aro
Kocuria_palustris_PEL,0,1,0,0,0,0,1,0,1,1,1,1,1,0,1,1,1,1,Asp
Kocuria_rhizophila_DC2201,0,1,0,0,0,0,1,0,1,1,1,1,1,0,1,1,1,1,Asp
Kurthia_massiliensis_JC30,0,1,0,1,0,0,1,0,1,0,1,1,1,0,1,0,1,1,Asp/Ser
Kytococcus_sedentarius_DSM_20547,0,1,0,1,0,0,1,0,1,0,1,1,1,0,1,0,1,1,Asp/Ser
Lachnospira_multipara_ATCC_19207,1,1,1,1,1,1,0,0,0,0,0,0,0,0,0,0,0,0,Auxotrophs
Lachnospiraceae_bacterium_sp_5_1_63FAA,1,1,1,0,0,0,0,0,0,1,1,1,0,0,0,1,0,0,Glu/Asp
Lachnospiraceae_bacterium_sp_8_1_57FAA,1,1,1,1,0,0,0,0,0,0,1,1,0,0,0,0,1,1,Glu/Asp
Lactobacillus_acidophilus_ATCC_4796,1,1,1,1,1,1,0,0,0,0,0,0,0,0,0,0,0,0,Auxotrophs
Lactobacillus_acidophilus_NCFM,1,1,1,1,1,1,0,0,0,0,0,0,0,0,0,0,0,0,Auxotrophs
Lactobacillus_amylolyticus_DSM_11664,1,1,1,1,1,1,0,0,0,0,0,0,0,0,0,0,0,0,Auxotrophs
Lactobacillus_amylovorus_GRL_1112,1,1,1,1,1,1,0,0,0,0,0,0,0,0,0,0,0,0,Auxotrophs
Lactobacillus_animalis_KCTC_3501,1,1,1,1,1,1,0,0,0,0,0,0,0,0,0,0,0,0,Auxotrophs
Lactobacillus_antri_DSM_16041,1,1,1,1,1,1,0,0,0,0,0,0,0,0,0,0,0,0,Auxotrophs
Lactobacillus_brevis_ATCC_367,1,1,1,1,1,1,0,0,0,0,0,0,0,0,0,0,0,0,Auxotrophs
Lactobacillus_brevis_subsp_gravesensis_ATCC_27305,0,1,0,1,0,0,1,0,1,0,1,1,1,0,1,0,1,1,Asp/Ser
Lactobacillus_buchneri_ATCC_11577,0,1,0,1,0,0,1,0,1,0,1,1,1,0,1,0,1,1,Asp/Ser
Lactobacillus_casei_ATCC_334,1,1,1,1,1,0,0,0,0,0,0,1,0,0,0,0,0,1,Glu/Ser/Aro
Lactobacillus_casei_casei_BL23,1,1,1,1,1,0,0,0,0,0,0,1,0,0,0,0,0,1,Glu/Ser/Aro
Lactobacillus_coleohominis_101_4_CHN,1,1,1,1,1,1,0,0,0,0,0,0,0,0,0,0,0,0,Auxotrophs
Lactobacillus_coryniformis_subsp_coryniformis_CECT_5711,0,1,1,1,1,0,1,0,0,0,0,1,1,0,0,0,0,1,Asp/Ser/Aro
Lactobacillus_crispatus_125_2_CHN,1,1,1,1,1,1,0,0,0,0,0,0,0,0,0,0,0,0,Auxotrophs
Lactobacillus_curvatus_CRL_705,1,1,1,1,1,1,0,0,0,0,0,0,0,0,0,0,0,0,Auxotrophs
Lactobacillus_delbrueckii_subsp_bulgaricus_ATCC_11842,1,1,1,1,1,1,0,0,0,0,0,0,0,0,0,0,0,0,Auxotrophs
Lactobacillus_delbrueckii_subsp_bulgaricus_ATCC_BAA_365,1,1,1,1,1,1,0,0,0,0,0,0,0,0,0,0,0,0,Auxotrophs
Lactobacillus_fermentum_ATCC_14931,1,1,1,0,1,0,0,0,0,1,0,1,0,0,0,1,0,0,None
Lactobacillus_fermentum_IFO_3956,1,1,1,0,1,0,0,0,0,0,0,1,0,0,0,1,0,0,None
Lactobacillus_gasseri_ATCC_33323,1,1,1,1,1,1,0,0,0,0,0,0,0,0,0,0,0,0,Auxotrophs
Lactobacillus_gastricus_PS3,1,1,1,1,1,0,0,0,0,0,0,1,0,0,0,0,0,0,Glu/Ser/Aro
Lactobacillus_helveticus_DSM_20075,1,1,1,1,1,1,0,0,0,0,0,0,0,0,0,0,0,0,Auxotrophs
Lactobacillus_hilgardii_ATCC_8290,0,1,1,1,1,0,1,0,0,0,0,1,1,0,0,0,0,1,Asp/Ser/Aro
Lactobacillus_iners_DSM_13335,1,1,1,1,1,1,0,0,0,0,0,0,0,0,0,0,0,0,Auxotrophs
Lactobacillus_jensenii_1153,1,1,1,1,1,1,0,0,0,0,0,0,0,0,0,0,0,0,Auxotrophs
Lactobacillus_johnsonii_DPC_6026,1,1,1,1,1,1,0,0,0,0,0,0,0,0,0,0,0,0,Auxotrophs
Lactobacillus_johnsonii_NCC_533,1,1,1,1,1,1,0,0,0,0,0,0,0,0,0,0,0,0,Auxotrophs
Lactobacillus_mucosae_LM1,1,1,1,1,1,0,0,0,0,0,0,1,0,0,0,0,0,0,Glu/Ser/Aro
Lactobacillus_oris_F0423,1,1,1,1,1,1,0,0,0,0,0,0,0,0,0,0,0,0,Auxotrophs
Lactobacillus_paracasei_subsp_paracasei_8700_2,1,1,1,1,1,0,0,0,0,0,0,1,0,0,0,0,0,1,Glu/Ser/Aro
Lactobacillus_paracasei_subsp_paracasei_ATCC_25302,1,1,1,1,1,0,0,0,0,0,0,1,0,0,0,0,0,1,Glu/Ser/Aro
Lactobacillus_pentosus_KCA1,1,1,1,1,0,0,0,0,0,0,1,1,0,0,0,0,1,1,Glu/Asp
Lactobacillus_plantarum_JDM1,1,1,1,1,0,0,0,0,0,0,1,1,0,0,0,0,1,1,Glu/Asp
Lactobacillus_plantarum_subsp_plantarum_ATCC_14917,1,1,1,1,0,0,0,0,0,0,1,1,0,0,0,0,1,1,Glu/Asp
Lactobacillus_plantarum_WCFS1,1,1,1,0,0,0,0,0,0,1,1,1,0,0,0,1,1,1,Glu/Asp
Lactobacillus_reuteri_CF48_3A_,1,1,1,0,1,1,0,0,0,1,0,0,0,0,0,1,0,0,Asp/His
Lactobacillus_reuteri_F275_JCM_1112,1,1,1,1,1,1,0,0,0,0,0,0,0,0,0,0,0,0,Auxotrophs
Lactobacillus_reuteri_MM2_3_,1,1,1,1,1,1,0,0,0,0,0,0,0,0,0,0,0,0,Auxotrophs
Lactobacillus_reuteri_MM4_1A_,1,1,1,0,1,1,0,0,0,1,0,0,0,0,0,1,0,0,Asp/His
Lactobacillus_reuteri_SD2112_ATCC_55730,1,1,1,0,1,1,0,0,0,1,0,0,0,0,0,1,0,0,Asp/His
Lactobacillus_rhamnosus_GG_ATCC_53103,1,1,1,1,1,0,0,0,0,0,0,1,0,0,0,0,0,1,Glu/Ser/Aro
Lactobacillus_rhamnosus_LMS2_1,1,1,1,1,1,0,0,0,0,0,0,1,0,0,0,0,0,1,Glu/Ser/Aro
Lactobacillus_ruminis_ATCC_25644,0,1,1,1,1,0,1,0,0,0,0,1,1,0,0,0,0,1,Asp/Ser/Aro
Lactobacillus_sakei_subsp_sakei_23K,1,1,1,1,1,1,0,0,0,0,0,0,0,0,0,0,0,0,Auxotrophs
Lactobacillus_salivarius_HO66_ATCC_11741,1,1,1,1,1,1,0,0,0,0,0,0,0,0,0,0,0,0,Auxotrophs
Lactobacillus_salivarius_salivarius_UCC118,1,1,1,0,1,1,0,0,0,1,0,0,0,0,0,1,0,0,Asp/His
Lactobacillus_ultunensis_DSM_16047,1,1,1,1,1,1,0,0,0,0,0,0,0,0,0,0,0,0,Auxotrophs
Lactobacillus_vaginalis_ATCC_49540,1,1,1,0,1,1,0,0,0,1,0,0,0,0,0,1,0,0,Asp/His
Lactococcus_garvieae_ATCC_49156,1,1,1,0,1,1,0,0,0,1,0,0,0,0,0,1,0,0,Asp/His
Lactococcus_lactis_subsp_lactis_Il1403,0,1,0,0,0,0,1,0,1,1,1,1,1,0,1,1,1,1,Asp
Lactococcus_raffinolactis_4877,0,1,0,1,0,0,1,0,1,0,1,1,1,0,1,0,1,1,Asp/Ser
Laribacter_hongkongensis_HLHK9,0,0,1,1,0,0,1,1,0,0,1,1,1,1,0,0,1,1,None
Lautropia_mirabilis_ATCC_51599,0,0,0,0,0,0,1,1,1,1,1,1,1,1,1,1,1,1,Prototroph
Leminorella_grimontii_ATCC_33999,0,0,0,0,1,0,1,1,1,1,0,1,1,1,1,1,0,1,Aro
Leptotrichia_buccalis_C_1013_b,0,1,1,0,0,0,1,0,0,1,1,1,1,0,0,1,1,1,Bra
Leuconostoc_argentinum_KCTC_3773,1,1,1,1,1,1,0,0,0,0,0,0,0,0,0,0,0,0,Auxotrophs
Leuconostoc_gelidum_JB7,1,1,1,1,1,0,0,0,0,0,0,1,0,0,0,0,0,1,Glu/Ser/Aro
Leuconostoc_lactis_KACC_91922,1,1,1,1,1,1,0,0,0,0,0,0,0,0,0,0,0,0,Auxotrophs
Leuconostoc_mesenteroides_subsp_cremoris_ATCC_19254,1,1,1,1,1,1,0,0,0,0,0,0,0,0,0,0,0,0,Auxotrophs
Listeria_grayi_DSM_20601,0,1,0,1,0,0,1,0,1,0,1,1,1,0,1,0,1,1,Asp/Ser
Listeria_monocytogenes_4a_L99,0,1,1,1,0,0,1,0,0,0,1,1,1,0,0,0,1,1,Asp/Bra/Ser
Listeria_monocytogenes_4b_F2365,0,1,1,1,0,0,1,0,0,0,1,1,1,0,0,0,1,1,Asp/Bra/Ser
Listeria_monocytogenes_Finland_1988,0,1,1,1,0,0,1,0,0,0,1,1,1,0,0,0,1,1,Asp/Bra/Ser
Listeria_monocytogenes_FSL_R2_561,0,1,1,1,0,0,1,0,0,0,1,1,1,0,0,0,1,1,Asp/Bra/Ser
Listeria_monocytogenes_J0161_FSL_R2_499,0,1,1,1,0,0,1,0,0,0,1,1,1,0,0,0,1,1,Asp/Bra/Ser
Listeria_monocytogenes_serotype_7_SLCC_2482,0,1,1,1,0,0,1,0,0,0,1,1,1,0,0,0,1,1,Asp/Bra/Ser
Listeria_monocytogenes_SLCC_2378,0,1,1,1,0,0,1,0,0,0,1,1,1,0,0,0,1,1,Asp/Bra/Ser
Listeria_monocytogenes_SLCC_2540,0,1,1,1,0,0,1,0,0,0,1,1,1,0,0,0,1,1,Asp/Bra/Ser
Listeria_monocytogenes_SLCC_7179,0,1,1,1,0,0,1,0,0,0,1,1,1,0,0,0,1,1,Asp/Bra/Ser
Lysinibacillus_fusiformis_ZB2,0,0,0,1,0,0,1,1,1,0,1,1,1,1,1,0,1,1,Ser
Lysinibacillus_sphaericus_C3_41,0,0,0,1,0,0,1,1,1,0,1,1,1,1,1,0,1,1,Ser
Marvinbryantia_formatexigens_I_52_DSM_14469,1,1,1,1,0,0,0,0,0,0,1,1,0,0,0,0,1,1,Glu/Asp
Megamonas_funiformis_YIT_11815,0,1,0,1,0,0,1,0,1,0,1,1,1,0,1,0,1,1,Asp/Ser
Megamonas_hypermegale_ART12_1,0,1,0,1,0,0,1,0,1,0,1,1,1,0,1,0,1,1,Asp/Ser
Megasphaera_elsdenii_DSM_20460,0,0,0,0,0,0,1,1,1,1,1,1,1,1,1,1,1,1,Prototroph
Melainabacterium_MEL_A1,1,1,1,1,1,1,0,0,0,0,0,0,0,0,0,0,0,0,Auxotrophs
Mesorhizobium_loti_MAFF303099,0,0,0,0,0,0,1,1,1,1,1,1,1,1,1,1,1,0,Prototroph
Methanobrevibacter_ruminantium_M1,1,1,1,1,1,1,0,0,0,0,0,0,0,0,0,0,0,0,Auxotrophs
Methanobrevibacter_smithii_ATCC_35061,0,1,1,1,0,1,1,0,0,0,1,0,1,0,0,0,1,0,Asp/His
Methanomassiliicoccus_luminyensis_B10,0,0,1,1,1,1,1,1,0,0,0,0,1,1,0,0,0,0,None
Methanosphaera_stadtmanae_DSM_3091,1,1,1,1,1,0,0,0,0,0,0,1,0,0,0,0,0,1,Glu/Ser/Aro
Methylobacterium_mesophilicum_SR1_6_6,0,0,0,0,0,0,1,1,1,1,1,1,1,1,1,1,1,1,Prototroph
Methylobacterium_populi_BJ001,0,0,0,0,0,0,1,1,1,1,1,1,1,1,1,1,1,1,Prototroph
Methylobacterium_radiotolerans_JCM_2831,0,0,0,0,0,0,1,1,1,1,1,1,1,1,1,1,1,0,Prototroph
Methyloversatilis_universalis_FAM5,0,0,1,0,0,0,1,1,0,1,1,1,1,1,0,1,1,1,Bra
Methyloversatilis_universalis_Fam50001,0,0,1,1,1,0,1,1,0,0,0,1,1,1,0,0,0,1,None
Microbacterium_gubbeenense_DSM_15944,0,1,0,1,1,0,1,0,1,0,0,1,1,0,1,0,0,1,Asp/Ser/Aro
Microbacterium_oleivorans_NBRC_103075,0,1,0,1,1,0,1,0,1,0,0,1,1,0,1,0,0,1,Asp/Ser/Aro
Microbacterium_paraoxydans_77MFTsu3_2,0,1,0,1,0,0,1,0,1,0,1,1,1,0,1,0,1,1,Asp/Ser
Micrococcus_luteus_NCTC_2665,0,0,0,0,0,0,1,1,1,1,1,1,1,1,1,1,1,1,Prototroph
Micromonospora_aurantiaca_ATCC_27029,0,0,0,0,0,0,1,1,1,1,1,1,1,1,1,1,1,1,Prototroph
Mitsuokella_jalaludinii_DSM_13811,0,1,1,1,0,0,1,0,0,0,1,1,1,0,0,0,1,1,Asp/Bra/Ser
Mitsuokella_multacida_DSM_20544,0,1,1,0,0,0,1,0,0,1,1,1,1,0,0,1,1,1,Bra
Mobiluncus_curtisii_ATCC_43063,1,1,1,1,1,0,0,0,0,0,0,1,0,0,0,0,0,1,Glu/Ser/Aro
Mogibacterium_timidum_ATCC_33093,1,1,1,1,1,1,0,0,0,0,0,0,0,0,0,0,0,0,Auxotrophs
Moraxella_catarrhalis_RH4,0,1,0,0,0,0,1,0,1,1,1,1,1,0,1,1,1,0,Asp
Morganella_morganii_subsp_morganii_KT,0,0,1,0,0,0,1,1,0,1,1,1,1,1,0,1,1,1,Bra
Mycobacterium_avium_subsp_avium_ATCC_25291,0,0,0,0,0,0,1,1,1,1,1,1,1,1,1,1,1,1,Prototroph
Mycobacterium_fortuitum_subsp_fortuitum_DSM_46621,0,1,0,0,0,0,1,0,1,0,1,1,1,0,1,1,1,1,Asp
Mycoplasma_hominis_ATCC_23114,1,1,1,1,1,1,0,0,0,0,0,0,0,0,0,0,0,0,Auxotrophs
Mycoplasma_pneumoniae_309,1,1,1,1,1,1,0,0,0,0,0,0,0,0,0,0,0,0,Auxotrophs
Neisseria_cinerea_ATCC_14685,1,1,0,1,0,1,0,0,1,0,1,0,0,0,1,0,1,0,Asp/His
Neisseria_elongata_subsp_glycolytica_ATCC_29315,0,1,1,0,0,0,1,0,0,1,1,1,1,0,0,1,1,1,Bra
Neisseria_flavescens_SK114,0,1,0,0,0,0,1,0,1,1,1,1,1,0,1,1,1,1,Asp
Neisseria_macacae_ATCC_33926,0,1,0,1,1,0,1,0,1,0,0,1,1,0,1,0,0,1,Asp/Ser/Aro
Neisseria_mucosa_ATCC_25996,0,1,0,0,0,0,1,0,1,1,1,1,1,0,1,1,1,1,Asp
Neisseria_subflava_NJ9703,0,1,0,0,0,0,1,0,1,1,1,1,1,0,1,1,1,1,Asp
Nevskia_ramosa_DSM_11499,0,1,0,1,1,0,1,0,1,0,0,1,1,0,1,0,0,1,Asp/Ser/Aro
Oceanobacillus_picturae_strain_S1,0,1,0,1,0,0,1,0,1,0,1,1,1,0,1,0,1,1,Asp/Ser
Ochrobactrum_anthropi_ATCC_49188,0,0,0,0,1,0,1,1,1,1,0,1,1,1,1,1,0,1,Aro
Ochrobactrum_intermedium_LMG_3301,0,0,0,0,0,0,1,1,1,1,1,1,1,1,1,1,1,0,Prototroph
Odoribacter_laneus_YIT_12061,0,1,0,0,1,0,1,0,1,1,0,1,1,0,1,1,0,0,Aro
Odoribacter_splanchnicus_1651_6_DSM_20712,0,1,1,1,0,0,1,0,0,0,1,1,1,0,0,0,1,0,Asp/Bra/Ser
Olsenella_profusa_F019501,0,1,0,1,1,0,1,0,1,0,0,1,1,0,1,0,0,1,Asp/Ser/Aro
Olsenella_uli_DSM_7084,0,1,1,1,1,0,1,0,0,0,0,1,1,0,0,0,0,1,Asp/Ser/Aro
Oribacterium_sinus_F0268,1,1,1,1,0,1,0,0,0,0,1,0,0,0,0,0,1,0,Asp/His
Oxalobacter_formigenes_HOxBLS,0,1,0,0,0,0,1,0,1,1,1,1,1,0,1,1,1,1,Asp
Oxalobacter_formigenes_OXCC13,0,1,0,0,0,0,1,0,1,1,1,1,1,0,1,1,1,1,Asp
Paenibacillus_alvei_DSM_29,0,0,0,0,0,0,1,1,1,1,1,1,1,1,1,1,1,1,Prototroph
Paenibacillus_barengoltzii_G22,0,0,0,1,0,0,1,1,1,0,1,1,1,1,1,0,1,1,Ser
Paenibacillus_daejeonensis_DSM_15491,0,0,0,1,0,0,1,1,1,0,1,1,1,1,1,0,1,1,Ser
Paenibacillus_graminis_C4D1M,0,1,0,0,0,0,1,0,1,1,1,1,1,0,1,1,1,0,Asp
Paenibacillus_lactis_154,0,0,0,1,0,0,1,1,1,0,1,1,1,1,1,0,1,1,Ser
Pantoea_agglomerans_IG1,0,0,0,0,0,0,1,1,1,1,1,1,1,1,1,1,1,0,Prototroph
Parabacteroides_distasonis_ATCC_8503,0,0,0,0,0,0,1,1,1,1,1,1,1,1,1,1,1,0,Prototroph
Parabacteroides_goldsteinii_dnLKV18,0,1,0,1,0,0,1,0,1,0,1,1,1,0,1,0,1,1,Asp/Ser
Parabacteroides_gordonii_DSM_23371,1,1,0,1,1,0,0,0,1,0,0,1,0,0,1,0,0,1,None
Parabacteroides_johnsonii_DSM_18315,0,0,0,0,0,0,1,1,1,1,1,1,1,1,0,1,0,0,Prototroph
Parabacteroides_merdae_ATCC_43184,0,0,0,0,0,0,1,1,1,1,1,1,1,1,1,1,0,0,Prototroph
Parabacteroides_sp_D13,0,0,0,0,0,0,1,1,1,1,1,1,1,1,0,1,0,0,Prototroph
Paracoccus_yeei_ATCC_BAA_599,0,1,0,0,1,0,1,0,1,1,0,1,1,0,1,1,0,1,Aro
Paraprevotella_clara_YIT_11840,0,1,1,0,0,0,1,0,0,1,1,1,1,0,0,1,1,0,Bra
Paraprevotella_xylaniphila_YIT_11841,0,1,1,0,0,0,1,0,0,1,1,1,1,0,0,1,1,0,Bra
Parasutterella_excrementihominis_YIT_11859,0,1,1,1,1,1,1,0,0,0,0,0,1,0,0,0,0,0,Asp/His
Parvimonas_micra_ATCC_33270,1,1,1,1,1,1,0,0,0,0,0,0,0,0,0,0,0,0,Auxotrophs
Pediococcus_acidilactici_7_4,1,1,1,1,1,1,0,0,0,0,0,0,0,0,0,0,0,0,Auxotrophs
Pediococcus_acidilactici_DSM_20284,1,1,1,1,1,1,0,0,0,0,0,0,0,0,0,0,0,0,Auxotrophs
Pediococcus_pentosaceus_ATCC_25745,1,1,1,1,1,1,0,0,0,0,0,0,0,0,0,0,0,0,Auxotrophs
Peptoniphilus_harei_ACS_146_V_Sch2b,1,1,1,1,1,1,0,0,0,0,0,0,0,0,0,0,0,0,Auxotrophs
Peptoniphilus_indolicus_ATCC_29427,0,1,1,1,1,1,1,0,0,0,0,0,1,0,0,0,0,0,Asp/His
Peptoniphilus_lacrimalis_DSM_7455,1,1,1,1,1,1,0,0,0,0,0,0,0,0,0,0,0,0,Auxotrophs
Peptoniphilus_timonensis_JC401,1,1,1,1,1,1,0,0,0,0,0,0,0,0,0,0,0,0,Auxotrophs
Peptostreptococcus_anaerobius_DSM_2949,1,1,1,1,1,1,0,0,0,0,0,0,0,0,0,0,0,0,Auxotrophs
Peptostreptococcus_stomatis_DSM_17678,1,1,1,1,1,1,0,0,0,0,0,0,0,0,0,0,0,0,Auxotrophs
Phascolarctobacterium_succinatutens_YIT_12067,0,1,0,1,0,0,1,0,1,0,1,1,1,0,1,0,1,1,Asp/Ser
Plesiomonas_shigelloides_302_73,0,0,0,0,0,0,1,1,1,1,1,1,1,1,1,1,1,0,Prototroph
Porphyromonas_asaccharolytica_DSM_20707,1,1,1,1,1,1,0,0,0,0,0,0,0,0,0,0,0,0,Auxotrophs
Porphyromonas_endodontalis_ATCC_35406,1,1,1,1,1,1,0,0,0,0,0,0,0,0,0,0,0,0,Auxotrophs
Porphyromonas_gingivalis_W83,1,1,1,0,1,1,0,0,0,1,0,0,0,0,0,1,0,0,Asp/His
Porphyromonas_somerae_DSM_23386,1,1,1,1,1,1,0,0,0,0,0,0,0,0,0,0,0,0,Auxotrophs
Porphyromonas_uenonis_60_3,1,1,1,1,1,1,0,0,0,0,0,0,0,0,0,0,0,0,Auxotrophs
Porphyromonas_uenonis_DSM_23387,1,1,1,1,1,1,0,0,0,0,0,0,0,0,0,0,0,0,Auxotrophs
Prevotella_albensis_DSM_11370,0,1,1,1,0,0,1,0,0,0,1,1,1,0,0,0,1,0,Asp/Bra/Ser
Prevotella_bivia_DSM_20514,0,0,0,0,0,0,1,1,1,1,1,1,1,1,1,1,1,0,Prototroph
Prevotella_brevis_ATCC_19188,0,1,1,0,0,0,1,0,0,1,1,1,1,0,0,1,1,0,Bra
Prevotella_bryantii_B14,0,0,1,0,0,0,1,1,0,1,1,1,1,1,0,1,1,0,Bra
Prevotella_bryantii_C21a,0,1,1,0,0,0,1,0,0,1,1,1,1,0,0,1,1,0,Bra
Prevotella_buccae_ATCC_33574,0,0,1,0,0,0,1,1,0,1,1,1,1,1,0,1,1,0,Bra
Prevotella_conceptionensis_9403948,1,1,1,1,1,1,0,0,0,0,0,0,0,0,0,0,0,0,Auxotrophs
Prevotella_copri_CB7_DSM_18205,0,1,0,0,0,0,1,0,1,1,1,1,1,0,0,1,0,0,Asp
Prevotella_corporis_DSM_18810,1,1,1,1,1,1,0,0,0,0,0,0,0,0,0,0,0,0,Auxotrophs
Prevotella_denticola_DSM20614,1,1,1,0,1,1,0,0,0,1,0,0,0,0,0,1,0,0,Asp/His
Prevotella_denticola_F0289,1,1,1,0,1,1,0,0,0,1,0,0,0,0,0,1,0,0,Asp/His
Prevotella_disiens_FB035_09AN,1,1,1,0,1,1,0,0,0,1,0,0,0,0,0,1,0,0,Asp/His
Prevotella_disiens_JCM_6334,1,1,1,0,1,1,0,0,0,1,0,0,0,0,0,1,0,0,Asp/His
Prevotella_enoeca_JCM_12259,1,1,1,1,1,1,0,0,0,0,0,0,0,0,0,0,0,0,Auxotrophs
Prevotella_intermedia_17,1,1,1,0,1,1,0,0,0,1,0,0,0,0,0,1,0,0,Asp/His
Prevotella_intermedia_ATCC_25611,1,1,1,0,1,1,0,0,0,1,0,0,0,0,0,1,0,0,Asp/His
Prevotella_loescheii_DSM_19665,1,1,1,0,1,1,0,0,0,1,0,0,0,0,0,1,0,0,Asp/His
Prevotella_melaninogenica_ATCC_25845,1,1,1,0,1,1,0,0,0,1,0,0,0,0,0,1,0,0,Asp/His
Prevotella_nanceiensis_DSM_19126,1,1,1,0,1,1,0,0,0,1,0,0,0,0,0,1,0,0,Asp/His
Prevotella_nigrescens_ATCC_33563,1,1,1,0,1,1,0,0,0,1,0,0,0,0,0,1,0,0,Asp/His
Prevotella_oralis_ATCC_33269,1,0,0,0,1,0,0,1,1,1,0,1,0,1,1,1,0,0,None
Prevotella_pallens_ATCC_700821,1,1,1,0,1,1,0,0,0,1,0,0,0,0,0,1,0,0,Asp/His
Prevotella_ruminicola_23,0,0,0,0,0,0,1,1,1,1,1,1,1,1,1,1,1,0,Prototroph
Prevotella_salivae_DSM_15606,1,1,1,0,1,1,0,0,0,1,0,0,0,0,0,1,0,0,Asp/His
Prevotella_shahii_JCM_12083,1,1,1,0,1,1,0,0,0,1,0,0,0,0,0,1,0,0,Asp/His
Prevotella_stercorea_DSM_18206,1,1,1,1,1,1,0,0,0,0,0,0,0,0,0,0,0,0,Auxotrophs
Prevotella_timonensis_4401737,1,1,1,0,1,1,0,0,0,1,0,0,0,0,0,1,0,0,Asp/His
Prevotella_timonensis_CRIS_5C_B1,1,1,1,1,1,1,0,0,0,0,0,0,0,0,0,0,0,0,Auxotrophs
Prevotella_veroralis_DSM_19559,1,1,1,0,1,1,0,0,0,1,0,0,0,0,0,1,0,0,Asp/His
Propionibacterium_acidipropionici_ATCC_4875,0,1,0,0,0,0,1,0,1,1,1,1,1,0,1,1,1,1,Asp
Propionibacterium_acnes_KPA171202,0,1,0,0,0,0,1,0,1,1,1,1,1,0,1,1,1,1,Asp
Propionibacterium_avidum_44067,0,1,0,1,0,0,1,0,1,0,1,1,1,0,1,0,1,1,Asp/Ser
Propionibacterium_freudenreichii_subsp_shermanii_CIRM_BIA1,0,0,0,0,0,0,1,1,1,1,1,1,1,1,1,1,1,1,Prototroph
Propionibacterium_granulosum_DSM_20700,0,1,1,1,1,0,1,0,0,0,0,1,1,0,0,0,0,1,Asp/Ser/Aro
Propionibacterium_jensenii_DSM_20535,0,1,0,1,1,0,1,0,1,0,0,1,1,0,1,0,0,1,Asp/Ser/Aro
Propionibacterium_propionicum_F0230a,0,1,0,1,0,0,1,0,1,0,1,1,1,0,1,0,1,1,Asp/Ser
Proteus_mirabilis_ATCC_29906,0,0,0,0,0,0,1,1,1,1,1,1,1,1,1,1,1,1,Prototroph
Proteus_penneri_ATCC_35198,0,0,0,0,1,0,1,1,1,1,0,1,1,1,1,1,0,1,Aro
Providencia_alcalifaciens_DSM_30120,0,0,1,0,0,0,1,1,0,1,1,1,1,1,0,1,1,1,Bra
Providencia_rettgeri_DSM_1131,0,0,1,0,0,0,1,1,0,1,1,1,1,1,0,1,1,1,Bra
Providencia_rustigianii_DSM_4541,0,0,1,0,0,0,1,1,0,1,1,1,1,1,0,1,1,1,Bra
Providencia_stuartii_ATCC_25827,0,0,1,0,0,0,1,1,0,1,1,1,1,1,0,1,1,1,Bra
Pseudobutyrivibrio_ruminis_AD2017,1,1,1,1,1,0,0,0,0,0,0,1,0,0,0,0,0,1,Glu/Ser/Aro
Pseudoflavonifractor_capillosus_strain_ATCC_29799,1,1,1,1,1,0,0,0,0,0,0,1,0,0,0,0,0,1,Glu/Ser/Aro
Pseudomonas_aeruginosa_NCGM2_S1,0,0,0,0,0,0,1,1,1,1,1,1,1,1,1,1,1,1,Prototroph
Pseudomonas_alcaliphila_34,0,0,0,0,0,0,1,1,1,1,1,1,1,1,1,1,1,1,Prototroph
Pseudomonas_fluorescens_PfO_1,0,0,0,0,0,0,1,1,1,1,1,1,1,1,1,1,1,1,Prototroph
Pseudomonas_monteilii_NBRC_103158,0,0,0,0,1,0,1,1,1,1,0,1,1,1,1,1,0,1,Aro
Pseudomonas_monteilii_QM,0,0,0,0,0,0,1,1,1,1,1,1,1,1,1,1,1,1,Prototroph
Pseudomonas_nitroreducens_HBP1,0,0,0,0,1,0,1,1,1,1,0,1,1,1,1,1,0,1,Aro
Pseudomonas_oleovorans_MOIL14HWK12,0,0,0,0,0,0,1,1,1,1,1,1,1,1,1,1,1,0,Prototroph
Pseudomonas_putida_F1,0,0,0,0,0,0,1,1,1,1,1,1,1,1,1,1,1,1,Prototroph
Pseudomonas_stutzeri_DSM_4166,0,0,0,0,0,0,1,1,1,1,1,1,1,1,1,1,1,0,Prototroph
Pseudoramibacter_alactolyticus_ATCC_23263,1,1,1,0,0,0,0,0,0,1,1,1,0,0,0,1,1,1,Glu/Asp
Pyramidobacter_piscolens_W5455,0,1,1,1,1,0,1,0,0,0,0,1,1,0,0,0,0,1,Asp/Ser/Aro
Ralstonia_sp_5_7_47FAA,0,0,0,0,0,0,1,1,1,1,1,1,1,1,1,1,1,1,Prototroph
Raoultella_planticola_ATCC_33531,0,0,0,0,1,0,1,1,1,1,0,1,1,1,1,1,0,0,Aro
Rhodococcus_equi_ATCC_33707,0,0,0,0,0,0,1,1,1,1,1,1,1,1,1,1,1,1,Prototroph
Rhodococcus_equi_NBRC_101255,0,0,0,0,1,0,1,1,1,1,0,1,1,1,1,1,0,1,Aro
Rhodococcus_erythropolis_PR4,0,0,0,0,0,0,1,1,1,1,1,1,1,1,1,1,1,1,Prototroph
Rhodococcus_rhodochrous_ATCC_21198,0,0,0,0,1,0,1,1,1,1,0,1,1,1,1,1,0,1,Aro
Roseburia_hominis_A2_183,1,1,1,1,0,0,0,0,0,0,1,1,0,0,0,0,1,1,Glu/Asp
Roseburia_intestinalis_L1_82,1,1,1,1,0,0,0,0,0,0,1,1,0,0,0,0,1,1,Glu/Asp
Roseburia_inulinivorans_DSM_16841,1,1,1,1,1,0,0,0,0,0,0,1,0,0,0,0,0,1,Glu/Ser/Aro
Roseomonas_mucosa_ATCC_BAA_692,0,0,0,0,1,0,1,1,1,1,0,1,1,1,1,1,0,0,Aro
Rothia_aeria_F0474,1,1,1,1,1,1,0,0,0,0,0,0,0,0,0,0,0,0,Auxotrophs
Rothia_dentocariosa_ATCC_17931,1,1,1,1,0,1,0,0,0,0,1,0,0,0,0,0,1,0,Asp/His
Rothia_mucilaginosa_DY_18,1,1,1,1,0,1,0,0,0,0,1,0,0,0,0,0,1,0,Asp/His
Rudanella_lutea_DSM_19387,0,0,0,0,0,0,1,1,1,1,1,1,1,1,1,1,1,0,Prototroph
Ruminococcaceae_bacterium_D16,0,1,0,1,0,0,1,0,1,0,1,1,1,0,1,0,0,0,Asp/Ser
Ruminococcus_albus_7,0,0,0,0,0,0,1,1,1,1,1,1,1,1,1,1,1,0,Prototroph
Ruminococcus_bicirculans_80_3,0,0,1,0,0,0,1,1,0,1,1,1,1,1,0,1,1,1,Bra
Ruminococcus_bromii_L2_63,0,1,0,0,0,0,1,0,1,1,1,1,1,0,1,1,0,1,Asp
Ruminococcus_callidus_ATCC_2776001,0,1,1,1,1,0,1,0,0,0,0,1,1,0,0,0,0,1,Asp/Ser/Aro
Ruminococcus_champanellensis_18P13,0,1,1,1,0,0,1,0,0,0,1,1,1,0,0,0,1,1,Asp/Bra/Ser
Ruminococcus_flavefaciens_ATCC_19208,0,1,1,1,1,0,1,0,0,0,0,1,1,0,0,0,0,1,Asp/Ser/Aro
Ruminococcus_flavefaciens_FD_1,0,0,0,0,0,0,1,1,1,1,1,1,1,1,1,1,1,0,Prototroph
Ruminococcus_gauvreauii_DSM_19829,1,1,0,1,1,0,0,0,1,0,0,1,0,0,1,0,0,1,None
Ruminococcus_gnavus_ATCC_29149,1,1,1,1,0,0,0,0,0,0,1,1,0,0,0,0,1,0,Glu/Asp
Ruminococcus_lactaris_ATCC_29176,1,1,1,0,0,0,0,0,0,1,1,1,0,0,0,1,0,0,Glu/Asp
Ruminococcus_obeum_A2_162,1,1,1,1,0,0,0,0,0,0,1,1,0,0,0,0,1,1,Glu/Asp
Ruminococcus_sp_5_1_39BFAA,1,1,1,1,0,0,0,0,0,0,1,1,0,0,0,0,1,1,Glu/Asp
Ruminococcus_sp_SR1_5,1,1,1,1,0,0,0,0,0,0,1,1,0,0,0,0,1,1,Glu/Asp
Ruminococcus_torques_ATCC_27756,1,1,1,1,0,0,0,0,0,0,1,1,0,0,0,0,1,1,Glu/Asp
Ruminococcus_torques_L2_14,1,0,1,1,0,0,0,1,0,0,1,1,0,1,0,0,1,1,None
Salmonella_enterica_enterica_sv_Typhimurium_LT2,0,0,0,0,0,0,1,1,1,1,1,1,1,1,1,1,1,1,Prototroph
Scardovia_inopinata_F0304,1,1,1,1,1,1,0,0,0,0,0,0,0,0,0,0,0,0,Auxotrophs
Schlesneria_paludicola_DSM_18645,0,0,0,0,0,0,1,1,1,1,1,1,1,1,1,1,1,1,Prototroph
Selenomonas_ruminantium_AC2024,0,0,0,0,0,0,1,1,1,1,1,1,1,1,1,1,1,1,Prototroph
Serratia_fonticola_RB_25,0,0,0,0,0,0,1,1,1,1,1,1,1,1,1,1,1,0,Prototroph
Serratia_liquefaciens_ATCC_27592,0,0,0,0,0,0,1,1,1,1,1,1,1,1,1,1,1,0,Prototroph
Serratia_marcescens_subsp_marcescens_Db11,0,0,0,0,0,0,1,1,1,1,1,1,1,1,1,1,1,1,Prototroph
Shigella_dysenteriae_Sd197,0,0,0,0,0,0,1,1,1,1,1,1,1,1,1,1,1,0,Prototroph
Shigella_flexneri_2002017,0,0,0,0,0,0,1,1,1,1,1,1,1,1,1,1,1,0,Prototroph
Shigella_sonnei_Ss046,0,0,0,0,0,0,1,1,1,1,1,1,1,1,1,1,1,0,Prototroph
Silanimonas_lenta_DSM_16282,0,1,0,0,1,0,1,0,1,1,0,1,1,0,1,1,0,0,Aro
Slackia_exigua_ATCC_700122,0,1,1,1,1,0,1,0,0,0,0,1,1,0,0,0,0,0,Asp/Ser/Aro
Slackia_piriformis_YIT_12062,0,1,1,1,1,0,1,0,0,0,0,1,1,0,0,0,0,1,Asp/Ser/Aro
Solobacterium_moorei_DSM_22971,1,1,1,1,1,1,0,0,0,0,0,0,0,0,0,0,0,0,Auxotrophs
Solobacterium_moorei_F0204,1,1,1,1,1,1,0,0,0,0,0,0,0,0,0,0,0,0,Auxotrophs
Sphingomonas_paucimobilis_HER1398,1,1,0,0,1,0,0,0,1,1,0,1,0,0,1,1,0,0,None
Spirosoma_linguale_DSM_74,0,0,0,0,0,0,1,1,1,1,1,1,1,1,1,1,1,0,Prototroph
Staphylococcus_arlettae_CVD059,0,1,0,1,0,0,1,0,1,0,1,1,1,0,1,0,1,1,Asp/Ser
Staphylococcus_aureus_subsp_aureus_USA300_FPR3757,0,1,0,1,0,0,1,0,1,0,1,1,1,0,1,0,1,1,Asp/Ser
Staphylococcus_capitis_CR0101,0,1,0,1,1,1,1,0,1,0,0,0,1,0,1,0,0,0,None
Staphylococcus_capitis_QN1,0,1,0,1,0,1,1,0,1,0,1,0,1,0,1,0,1,0,None
Staphylococcus_caprae_C87,0,1,0,1,0,1,1,0,1,0,1,0,1,0,1,0,1,0,None
Staphylococcus_cohnii_hu_01,0,0,0,1,1,0,1,1,1,0,0,1,1,1,1,0,0,1,None
Staphylococcus_epidermidis_ATCC_12228,0,1,0,0,0,0,1,0,1,1,1,1,1,0,1,1,1,1,Asp
Staphylococcus_equorum_subsp_equorum_Mu2,0,1,0,1,0,0,1,0,1,0,1,1,1,0,1,0,1,1,Asp/Ser
Staphylococcus_haemolyticus_JCSC1435,0,1,0,0,0,1,1,0,1,1,1,0,1,0,1,1,1,0,None
Staphylococcus_hominis_subsp_hominis_C80,0,1,0,1,0,1,1,0,1,0,1,0,1,0,1,0,1,0,None
Staphylococcus_intermedius_ATCC_27335,1,1,1,1,1,1,0,0,0,0,0,0,0,0,0,0,0,0,Auxotrophs
Staphylococcus_lugdunensis_HKU09_01,0,1,0,0,0,1,1,0,1,1,1,0,1,0,1,1,1,0,None
Staphylococcus_pasteuri_SP1,0,1,0,0,1,1,1,0,1,1,0,0,1,0,1,1,0,0,None
Staphylococcus_pettenkoferi_VCU012,0,1,0,1,0,1,1,0,1,0,1,0,1,0,1,0,1,0,None
Staphylococcus_saprophyticus_subsp_saprophyticus_ATCC_15305,0,1,0,1,0,0,1,0,1,0,1,1,1,0,1,0,1,1,Asp/Ser
Staphylococcus_sciuri_subsp_sciuri_Z8,0,1,0,1,1,1,1,0,1,0,0,0,1,0,1,0,0,0,None
Staphylococcus_simulans_ACS_120_V_Sch1,0,1,0,1,0,0,1,0,1,0,1,1,1,0,1,0,1,1,Asp/Ser
Staphylococcus_vitulinus_F1028,0,1,0,1,1,1,1,0,1,0,0,0,1,0,1,0,0,0,None
Staphylococcus_warneri_SG1,0,1,0,0,0,1,1,0,1,1,1,0,1,0,1,1,1,0,None
Staphylococcus_xylosus_DMB3_Bh1,0,1,0,1,1,0,1,0,1,0,0,1,1,0,1,0,0,1,Asp/Ser/Aro
Staphylococcus_xylosus_NJ,0,0,0,0,0,0,1,1,1,1,1,1,1,1,1,1,1,1,Prototroph
Stenotrophomonas_maltophilia_D457,0,0,0,0,0,0,1,1,1,1,1,1,1,1,1,1,1,1,Prototroph
Stenotrophomonas_rhizophila_PCA13,0,0,0,0,0,0,1,1,1,1,1,1,1,1,1,1,1,1,Prototroph
Stoquefichus_massiliensis_AP9,0,1,0,1,1,0,1,0,1,0,0,1,1,0,1,0,0,1,Asp/Ser/Aro
Streptococcus_agalactiae_A909,0,1,1,0,1,0,1,0,0,1,0,1,1,0,0,1,0,1,None
Streptococcus_anginosus_1_2_62CV,1,1,1,1,0,1,0,0,0,0,1,0,0,0,0,0,1,0,Asp/His
Streptococcus_australis_ATCC_700641,1,1,0,1,0,1,0,0,1,0,1,0,0,0,1,0,1,0,Asp/His
Streptococcus_constellatus_subsp_constellatus_SK53,1,1,1,1,1,1,0,0,0,0,0,0,0,0,0,0,0,0,Auxotrophs
Streptococcus_constellatus_subsp_pharyngis_SK1060,1,1,1,1,1,1,0,0,0,0,0,0,0,0,0,0,0,0,Auxotrophs
Streptococcus_cristatus_ATCC_51100,1,1,0,1,1,1,0,0,1,0,0,0,0,0,1,0,0,0,Glu/Ser/Aro
Streptococcus_dysgalactiae_subsp_dysgalactiae_ATCC_27957,1,1,1,1,1,1,0,0,0,0,0,0,0,0,0,0,0,0,Auxotrophs
Streptococcus_equi_subsp_equi_4047,1,1,1,1,1,1,0,0,0,0,0,0,0,0,0,0,0,0,Auxotrophs
Streptococcus_equinus_ATCC_9812,0,1,1,1,0,0,1,0,0,0,1,1,1,0,0,0,1,1,Asp/Bra/Ser
Streptococcus_gallolyticus_subsp_gallolyticus_ATCC_43143,0,1,0,1,0,0,1,0,1,0,1,1,1,0,1,0,1,1,Asp/Ser
Streptococcus_gordonii_str_Challis_substr_CH1,0,0,0,0,0,0,1,1,1,1,1,1,1,1,1,1,1,1,Prototroph
Streptococcus_infantarius_subsp_infantarius_ATCC_BAA_102,0,1,1,1,0,0,1,0,0,0,1,1,1,0,0,0,1,1,Asp/Bra/Ser
Streptococcus_infantis_ATCC_700779,1,1,0,1,0,1,0,0,1,0,1,0,0,0,1,0,1,0,Asp/His
Streptococcus_intermedius_JTH08,1,1,1,1,1,1,0,0,0,0,0,0,0,0,0,0,0,0,Auxotrophs
Streptococcus_lutetiensis_033,0,1,1,1,1,0,1,0,0,0,0,1,1,0,0,0,0,1,Asp/Ser/Aro
Streptococcus_mitis_NCTC_12261,1,1,0,1,0,1,0,0,1,0,1,0,0,0,1,0,1,0,Asp/His
Streptococcus_mutans_ATCC_25175,0,1,1,0,0,0,1,0,0,1,1,1,1,0,0,1,1,1,Bra
Streptococcus_oralis_Uo5,1,1,0,1,0,1,0,0,1,0,1,0,0,0,1,0,1,0,Asp/His
Streptococcus_parasanguinis_ATCC_903,1,1,0,1,0,1,0,0,1,0,1,0,0,0,1,0,1,0,Asp/His
Streptococcus_parauberis_KCTC_11537,0,1,1,1,1,1,1,0,0,0,0,0,1,0,0,0,0,0,Asp/His
Streptococcus_peroris_ATCC_700780,1,1,1,1,0,1,0,0,0,0,1,0,0,0,0,0,1,0,Asp/His
Streptococcus_pleomorphus_DSM_20574,0,0,1,1,1,0,1,1,0,0,0,1,1,1,0,0,0,1,None
Streptococcus_pneumoniae_G54,1,1,0,1,0,1,0,0,1,0,1,0,0,0,1,0,1,0,Asp/His
Streptococcus_pseudopneumoniae_IS7493,1,1,1,1,0,1,0,0,0,0,1,0,0,0,0,0,1,0,Asp/His
Streptococcus_pyogenes_MGAS9429,1,1,1,1,1,1,0,0,0,0,0,0,0,0,0,0,0,0,Auxotrophs
Streptococcus_salivarius_JIM8777,0,1,0,0,0,0,1,0,1,1,1,1,1,0,1,1,1,1,Asp
Streptococcus_sanguinis_SK36,0,1,0,1,0,0,1,0,1,0,1,1,1,0,1,0,1,1,Asp/Ser
Streptococcus_sp_2_1_36FAA,1,1,0,1,0,0,0,0,1,0,1,1,0,0,1,0,1,1,Glu/Asp
Streptococcus_sp_I_G2,1,1,1,1,1,1,0,0,0,0,0,0,0,0,0,0,0,0,Auxotrophs
Streptococcus_sp_I_P16,1,1,1,1,1,1,0,0,0,0,0,0,0,0,0,0,0,0,Auxotrophs
Streptococcus_thermophilus_LMG_18311,0,1,1,1,0,1,1,0,0,0,1,0,1,0,0,0,1,0,Asp/His
Streptococcus_thoraltensis_DSM_12221,0,1,1,1,1,1,1,0,0,0,0,0,1,0,0,0,0,0,Asp/His
Streptococcus_uberis_0140J,0,1,1,0,1,1,1,0,0,1,0,0,1,0,0,1,0,0,None
Streptococcus_vestibularis_F0396,0,1,0,1,0,1,1,0,1,0,1,0,1,0,1,0,1,0,None
Subdoligranulum_variabile_DSM_15176,1,1,1,1,1,0,0,0,0,0,0,1,0,0,0,0,0,1,Glu/Ser/Aro
Succinatimonas_hippei_YIT_12066,0,1,1,0,0,0,1,0,0,1,1,1,1,0,0,1,1,1,Bra
Succinivibrio_dextrinosolvens_H5,1,1,1,0,0,0,0,0,0,1,1,1,0,0,0,1,1,0,Glu/Asp
Sulfolobus_solfataricus_P2,1,1,1,1,0,1,0,0,0,0,1,0,0,0,0,0,1,0,Asp/His
Sutterella_parvirubra_YIT_11816,1,1,1,1,1,1,0,0,0,0,0,0,0,0,0,0,0,0,Auxotrophs
Sutterella_wadsworthensis_3_1_45B,1,1,1,0,0,0,0,0,0,1,1,1,0,0,0,1,1,1,Glu/Asp
Tannerella_forsythia_ATCC_43037,1,1,1,0,1,1,0,0,0,1,0,0,0,0,0,1,0,0,Asp/His
Tatumella_ptyseos_ATCC_33301,0,1,0,0,1,0,1,0,1,1,0,1,1,0,1,1,0,0,Aro
Trabulsiella_guamensis_ATCC_49490,0,0,0,0,1,0,1,1,1,1,0,1,1,1,1,1,0,0,Aro
Tropheryma_whipplei_str_Twist,1,1,1,1,1,1,0,0,0,0,0,0,0,0,0,0,0,0,Auxotrophs
Trueperella_pyogenes_MS249,1,1,1,1,1,0,0,0,0,0,0,1,0,0,0,0,0,1,Glu/Ser/Aro
Ureaplasma_parvum_serovar_1_str_ATCC_27813,1,1,1,1,1,1,0,0,0,0,0,0,0,0,0,0,0,0,Auxotrophs
Ureaplasma_urealyticum_serovar_8_str_ATCC_27618,1,1,1,1,1,1,0,0,0,0,0,0,0,0,0,0,0,0,Auxotrophs
Ureibacillus_thermosphaericus_str_Thermo_BF,0,0,0,1,0,0,1,1,1,0,1,1,1,1,1,0,1,1,Ser
Varibaculum_cambriense_DSM_15806,1,1,1,1,1,0,0,0,0,0,0,1,0,0,0,0,0,1,Glu/Ser/Aro
Veillonella_atypica_ACS_049_V_Sch6,0,1,0,1,0,0,1,0,1,0,1,1,1,0,1,0,1,1,Asp/Ser
Veillonella_dispar_ATCC_17748,0,1,0,1,0,0,1,0,1,0,1,1,1,0,1,0,1,1,Asp/Ser
Veillonella_parvula_Te3_DSM_2008,0,0,0,1,0,0,1,1,1,0,1,1,1,1,1,0,1,1,Ser
Veillonella_ratti_ACS_216_V_Col6b,0,1,0,1,0,0,1,0,1,0,1,1,1,0,1,0,1,1,Asp/Ser
Veillonella_sp_3_1_44,0,1,0,1,0,0,1,0,1,0,1,1,1,0,1,0,1,1,Asp/Ser
Veillonella_sp_6_1_27,0,1,0,1,0,0,1,0,1,0,1,1,1,0,1,0,1,1,Asp/Ser
Vibrio_fluvialis_560,0,0,0,0,1,0,1,1,1,1,0,1,1,1,1,1,0,0,Aro
Vibrio_fluvialis_I21563,0,0,0,0,1,0,1,1,1,1,0,1,1,1,1,1,0,0,Aro
Vibrio_fluvialis_PG41,0,0,1,0,1,0,1,1,0,1,0,1,1,1,0,1,0,0,None
Vibrio_furnissii_NCTC_11218,0,0,0,0,0,0,1,1,1,1,1,1,1,1,1,1,1,0,Prototroph
Vibrio_mimicus_MB_451,0,0,0,0,0,0,1,1,1,1,1,1,1,1,1,1,1,0,Prototroph
Vibrio_parahaemolyticus_RIMD_2210633,0,0,0,0,0,0,1,1,1,1,1,1,1,1,1,1,1,1,Prototroph
Weissella_cibaria_KACC_11862,1,1,1,1,1,1,0,0,0,0,0,0,0,0,0,0,0,0,Auxotrophs
Weissella_confusa_LBAE_C39_2,1,1,1,1,1,1,0,0,0,0,0,0,0,0,0,0,0,0,Auxotrophs
Weissella_paramesenteroides_ATCC_33313,1,1,1,1,1,1,0,0,0,0,0,0,0,0,0,0,0,0,Auxotrophs
Yersinia_bercovieri_ATCC_43970,0,0,0,0,0,0,1,1,1,1,1,1,1,1,1,1,1,0,Prototroph
Yersinia_enterocolitica_subsp_enterocolitica_8081,0,0,0,0,0,0,1,1,1,1,1,1,1,1,1,1,1,0,Prototroph
Yersinia_frederiksenii_ATCC_33641,0,0,0,0,0,0,1,1,1,1,1,1,1,1,1,1,1,0,Prototroph
Yersinia_kristensenii_ATCC_33638,0,0,0,0,0,0,1,1,1,1,1,1,1,1,1,1,1,0,Prototroph
Yersinia_pseudotuberculosis_YPIII,0,0,0,0,0,0,1,1,1,1,1,1,1,1,1,1,1,0,Prototroph
Yersinia_rohdei_ATCC_43380,0,0,0,0,0,0,1,1,1,1,1,1,1,1,1,1,1,0,Prototroph
Yokenella_regensburgei_ATCC_43003,0,0,0,0,0,0,1,1,1,1,1,1,1,1,1,1,1,0,Prototroph
