,Acetic acid,Acetaldehyde,Butyrate,Ethanol,Formic acid,Fumarate,L-Lactic acid,Malic acid,Propionate,Pyruvic acid,Succinate
Abiotrophia_defectiva_ATCC_49176,0,0,0,0,0,0,0,0,0,0,0
Achromobacter_xylosoxidans_A8,1,0,0,0,0,1,1,1,1,0,1
Achromobacter_xylosoxidans_NBRC_15126,1,0,0,0,0,1,1,1,1,0,1
Acidaminococcus_fermentans_DSM_20731,1,0,0,0,1,1,0,1,0,0,0
Acidaminococcus_intestini_RyC_MR95,1,1,0,1,1,1,1,1,0,0,0
Acidaminococcus_sp_D21,1,1,0,1,1,0,0,0,0,0,1
Acinetobacter_baumannii_AB0057,1,1,1,1,1,1,1,1,1,0,1
Acinetobacter_calcoaceticus_PHEA_2,1,0,1,0,1,1,1,1,1,0,1
Acinetobacter_haemolyticus_NIPH_261,1,1,1,1,0,1,0,1,1,0,1
Acinetobacter_johnsonii_SH046,1,1,1,1,1,0,1,1,1,0,1
Acinetobacter_junii_SH205,1,1,0,1,1,1,1,1,1,0,1
Acinetobacter_lwoffii_WJ10621,1,0,1,0,1,0,1,0,0,0,1
Acinetobacter_pittii_ANC_4052,1,1,1,1,1,1,1,1,1,0,1
Acinetobacter_radioresistens_NIPH_2130,1,0,1,0,1,1,1,1,0,0,1
Actinobacillus_pleuropneumoniae_L20,1,1,0,1,1,1,1,1,0,0,1
Actinomyces_cardiffensis_F0333,0,0,0,0,0,0,0,0,0,0,0
Actinomyces_georgiae_DSM_6843,0,0,0,0,0,0,0,0,0,0,0
Actinomyces_graevenitzii_C83,0,0,0,0,0,0,0,0,0,0,0
Actinomyces_naeslundii_str_Howell_279,0,0,0,0,0,0,0,0,0,0,0
Actinomyces_odontolyticus_ATCC_17982,0,0,0,0,0,0,0,0,0,0,0
Actinomyces_oris_K20,0,0,0,0,0,0,0,0,0,0,0
Actinomyces_turicensis_ACS_279_V_Col4,0,0,0,0,0,0,0,0,0,0,0
Actinomyces_urogenitalis_DSM_15434,0,0,0,0,0,0,0,0,0,0,0
Actinomyces_viscosus_C505,0,0,0,0,0,0,0,0,0,0,0
Adlercreutzia_equolifaciens_DSM_19450,0,0,0,0,0,0,0,0,0,0,0
Aerococcus_viridans_ATCC_11563,1,1,0,1,1,0,1,0,0,0,0
Aeromonas_caviae_Ae398,1,1,0,1,1,1,1,0,1,0,1
Aeromonas_hydrophila_subsp_hydrophila_ATCC_7966,1,1,0,1,1,1,1,0,1,0,1
Aeromonas_jandaei_Riv2,1,1,0,1,1,1,1,1,1,0,1
Aeromonas_media_WS,1,1,0,1,1,1,1,1,1,0,1
Aeromonas_veronii_B565,1,1,0,1,1,1,1,1,1,0,1
Afipia_birgiae_34632,1,0,0,0,1,1,1,1,0,0,1
Aggregatibacter_aphrophilus_NJ8700,1,1,0,1,1,1,1,1,0,0,1
Agrobacterium_tumefaciens_F2,0,0,0,0,0,0,0,0,0,0,0
Akkermansia_muciniphila_ATCC_BAA_835,0,0,0,0,0,0,0,0,0,0,0
Alcaligenes_faecalis_subsp_faecalis_NBRC_13111,1,0,0,0,1,1,1,1,1,0,1
Alcaligenes_faecalis_subsp_faecalis_NCIB_8687,1,1,0,1,1,1,1,1,1,0,1
Alistipes_finegoldii_DSM_17242,1,1,0,0,1,0,0,0,0,0,0
Alistipes_indistinctus_YIT_12060,1,1,0,0,0,0,0,0,0,0,0
Alistipes_onderdonkii_DSM_19147,1,1,0,0,0,0,0,0,0,0,0
Alistipes_putredinis_DSM_17216,1,0,0,0,0,0,0,0,0,0,1
Alistipes_shahii_WAL_8301,1,1,0,0,1,0,0,0,0,0,1
Alloprevotella_tannerae_ATCC_51259,0,0,0,0,0,0,0,0,0,0,0
Anaerobaculum_hydrogeniformans_OS1_ATCC_BAA_1850,1,0,0,0,1,1,0,0,0,0,1
Anaerobiospirillum_succiniciproducens_DSM_640001,1,0,0,0,0,1,1,1,0,0,0
Anaerococcus_hydrogenalis_DSM_7454,1,1,0,1,1,0,1,0,0,0,0
Anaerococcus_prevotii_DSM_20548,1,1,0,1,0,0,1,0,0,0,1
Anaerococcus_vaginalis_ATCC_51170,1,1,0,1,1,0,0,0,0,0,0
Anaerofustis_stercorihominis_DSM_17244,1,0,0,0,1,0,0,0,0,0,1
Anaerostipes_caccae_DSM_14662,1,1,0,1,1,0,1,0,0,0,1
Anaerostipes_hadrus_DSM_3319,0,0,0,0,0,0,0,0,0,0,0
Anaerostipes_sp_3_2_56FAA,1,1,0,1,1,1,1,0,0,0,1
Anaerotruncus_colihominis_DSM_17241,1,1,1,1,1,1,0,1,0,1,0
Aneurinibacillus_aneurinilyticus_ATCC_12856,1,1,1,1,1,1,1,1,1,0,1
Arcanobacterium_haemolyticum_DSM_20595,1,0,0,0,1,1,1,0,0,0,1
Arcobacter_butzleri_RM4018,1,0,0,0,0,1,1,1,0,0,0
Arthrobacter_castelli_DSM_16402,1,1,0,0,1,1,1,0,1,0,1
Atopobium_minutum_10063974,1,1,0,1,1,0,1,0,0,0,1
Atopobium_parvulum_DSM_20469,1,1,0,1,1,0,1,0,0,0,0
Atopobium_rimae_ATCC_49626,0,0,0,0,0,0,0,0,0,0,0
Bacillus_altitudinis_41KF2b,1,1,1,0,0,1,1,1,1,0,1
Bacillus_amyloliquefaciens_DSM7,1,1,1,1,1,1,1,1,1,0,1
Bacillus_amyloliquefaciens_subsp_amyloliquefaciens_DC_12,1,1,1,1,1,1,1,1,1,0,1
Bacillus_atrophaeus_ATCC_49822_1,1,1,1,1,1,1,1,1,1,0,1
Bacillus_cereus_AH187_F4810_72,1,1,1,1,1,1,1,1,1,0,1
Bacillus_cereus_G9842,1,1,1,1,1,0,1,1,1,0,1
Bacillus_clausii_KSM_K16,1,1,1,0,0,1,1,0,1,0,1
Bacillus_endophyticus_2102,1,1,1,0,0,1,1,1,0,0,1
Bacillus_firmus_DS1,1,1,1,0,1,1,1,1,0,0,1
Bacillus_flexus_27Col1_1E,1,1,1,0,1,1,1,1,0,0,1
Bacillus_fordii_DSM_16014,1,1,1,0,0,1,1,0,0,0,1
Bacillus_halodurans_C_125,1,1,1,0,0,1,1,1,1,0,1
Bacillus_infantis_NRRL_B_14911,1,1,1,0,1,1,1,1,0,0,1
Bacillus_licheniformis_ATCC_14580,1,1,1,1,1,0,1,1,1,0,1
Bacillus_megaterium_DSM319,1,1,1,1,1,1,1,1,0,0,1
Bacillus_mojavensis_RO_H_1,1,1,1,1,1,1,1,1,1,0,1
Bacillus_mycoides_DSM_2048,1,1,1,1,1,0,1,0,1,0,1
Bacillus_nealsonii_AAU1,1,1,0,1,1,0,1,0,0,0,1
Bacillus_pseudofirmus_OF4,1,1,1,0,0,1,1,0,0,0,1
Bacillus_pumilus_ATCC_7061,1,1,1,1,0,1,1,1,1,0,1
Bacillus_sonorensis_L12,1,1,1,1,1,0,1,1,1,0,1
Bacillus_subtilis_str_168,1,1,1,1,1,1,1,1,1,0,1
Bacillus_thermoamylovorans,1,1,0,1,1,0,1,0,1,0,1
Bacillus_thuringiensis_serovar_thuringiensis_str_T01001,1,1,1,1,1,0,1,0,1,0,1
Bacillus_timonensis_10403023,1,1,1,0,1,1,0,0,1,0,1
Bacillus_vallismortis_DV1_F_3,1,1,1,0,1,1,1,1,1,0,1
Bacteroides_caccae_ATCC_43185,1,0,0,0,1,0,0,0,0,0,1
Bacteroides_cellulosilyticus_DSM_14838,1,0,0,0,1,0,0,0,0,0,1
Bacteroides_clarus_YIT_12056,1,0,0,0,1,0,0,0,0,0,1
Bacteroides_coprocola_M16_DSM_17136,0,0,0,0,0,0,0,0,0,0,0
Bacteroides_coprophilus_DSM_18228,1,0,0,0,1,0,0,0,0,0,1
Bacteroides_dorei_DSM_17855,1,1,0,1,1,0,0,0,0,0,1
Bacteroides_eggerthii_1_2_48FAA,1,0,0,0,1,0,0,1,0,0,1
Bacteroides_eggerthii_DSM_20697,1,0,0,0,1,0,0,1,0,0,1
Bacteroides_faecis_MAJ27,1,1,0,0,1,0,1,0,0,0,1
Bacteroides_finegoldii_DSM_17565,1,0,0,0,1,0,0,0,0,0,1
Bacteroides_fluxus_YIT_12057,1,1,0,0,1,0,0,0,0,0,1
Bacteroides_fragilis_3_1_12,1,0,0,0,1,0,0,0,0,0,1
Bacteroides_fragilis_638R,1,0,0,0,1,0,0,0,0,0,1
Bacteroides_fragilis_NCTC_9343,1,0,0,0,1,0,0,0,0,0,1
Bacteroides_fragilis_YCH46,1,0,0,0,1,0,0,0,0,0,1
Bacteroides_graminisolvens_DSM_19988,1,1,0,0,1,0,0,0,0,0,1
Bacteroides_intestinalis_341_DSM_17393,1,0,0,0,1,0,0,0,0,0,1
Bacteroides_massiliensis_B846dnLKV334,1,1,0,0,1,0,1,0,0,0,1
Bacteroides_nordii_CL02T12C05,1,1,0,0,1,0,1,0,1,0,1
Bacteroides_oleiciplenus_YIT_12058,0,0,0,0,0,0,0,0,0,0,0
Bacteroides_ovatus_ATCC_8483,1,0,0,0,1,0,0,0,0,0,1
Bacteroides_ovatus_SD_CC_2a,1,0,0,0,1,0,0,0,0,0,1
Bacteroides_ovatus_SD_CMC_3f,1,0,0,0,1,0,0,0,0,0,1
Bacteroides_pectinophilus_ATCC_43243,0,0,0,0,0,0,0,0,0,0,0
Bacteroides_plebeius_M12_DSM_17135,0,0,0,0,0,0,0,0,0,0,0
Bacteroides_pyogenes_DSM20611,1,1,0,0,1,0,0,0,0,0,1
Bacteroides_salyersiae_WAL_10018,1,1,0,0,1,0,1,0,0,0,1
Bacteroides_sp_1_1_14,1,0,0,0,1,0,0,0,0,0,1
Bacteroides_sp_1_1_30,1,0,0,0,1,0,0,0,0,0,1
Bacteroides_sp_1_1_6,1,0,0,0,1,0,0,0,0,0,1
Bacteroides_sp_2_1_22,1,0,0,0,1,0,0,0,0,0,1
Bacteroides_sp_2_1_33B,1,0,0,0,1,1,0,0,0,0,1
Bacteroides_sp_2_1_7,1,0,0,0,1,1,0,0,0,0,1
Bacteroides_sp_2_2_4,1,0,0,0,1,0,0,0,0,0,1
Bacteroides_sp_20_3,1,0,0,0,1,1,0,0,0,0,1
Bacteroides_sp_3_1_19,1,0,0,0,1,1,0,0,0,0,1
Bacteroides_sp_3_1_23,1,0,0,0,1,0,0,0,0,0,1
Bacteroides_sp_3_1_33FAA,1,1,0,1,1,0,0,0,0,0,1
Bacteroides_sp_3_1_40A,1,0,0,0,1,0,0,0,0,0,1
Bacteroides_sp_3_2_5,1,0,0,0,1,0,0,0,0,0,1
Bacteroides_sp_4_1_36,1,0,0,0,1,0,0,0,0,0,1
Bacteroides_sp_4_3_47FAA,1,0,0,0,1,0,0,0,0,0,1
Bacteroides_sp_9_1_42FAA,1,1,0,1,1,0,0,0,1,0,1
Bacteroides_sp_D1,1,0,0,0,1,0,0,0,0,0,1
Bacteroides_sp_D2,1,0,0,0,1,0,0,0,0,0,1
Bacteroides_sp_D20,1,0,0,0,1,0,0,0,0,0,1
Bacteroides_sp_D22,1,0,0,0,1,0,0,0,0,0,1
Bacteroides_stercoris_ATCC_43183,1,0,0,0,1,0,0,0,0,0,1
Bacteroides_thetaiotaomicron_VPI_5482,1,0,0,0,1,0,0,0,0,0,1
Bacteroides_timonensis_AP1,1,1,0,0,1,0,0,0,0,0,1
Bacteroides_uniformis_ATCC_8492,1,0,0,0,1,0,0,0,0,0,1
Bacteroides_ureolyticus_DSM_20703,1,0,0,0,0,1,0,1,0,0,1
Bacteroides_vulgatus_ATCC_8482,1,1,0,1,1,0,0,0,0,0,1
Bacteroides_xylanisolvens_SD_CC_1b,1,0,0,0,1,0,0,0,0,0,1
Bacteroides_xylanisolvens_XB1A,1,0,0,0,1,0,0,0,0,0,1
Barnesiella_intestinihominis_YIT_11860,0,0,0,0,0,0,0,0,0,0,0
Bartonella_quintana_Toulouse,0,0,0,0,1,0,0,0,0,0,1
Bifidobacterium_adolescentis_ATCC_15703,1,1,1,1,1,0,1,0,0,0,1
Bifidobacterium_angulatum_DSM_20098,1,1,0,1,1,0,1,0,0,0,1
Bifidobacterium_animalis_lactis_AD011,1,1,0,1,1,0,1,0,0,0,1
Bifidobacterium_animalis_lactis_BB_12,1,1,0,1,1,0,1,0,0,0,1
Bifidobacterium_animalis_lactis_Bi_07,1,1,0,1,1,0,1,0,0,0,1
Bifidobacterium_animalis_lactis_Bl_04_ATCC_SD5219,1,1,0,1,1,0,1,0,0,0,1
Bifidobacterium_animalis_lactis_CNCM_I_2494,1,1,0,1,1,0,1,0,0,0,1
Bifidobacterium_animalis_lactis_DSM_10140,1,1,0,1,1,0,1,0,0,0,1
Bifidobacterium_animalis_lactis_V9,1,1,0,1,1,0,1,0,0,0,1
Bifidobacterium_bifidum_BGN4,1,1,0,1,1,0,1,0,0,0,1
Bifidobacterium_bifidum_NCIMB_41171,1,1,0,1,1,0,1,0,0,0,1
Bifidobacterium_bifidum_PRL2010,1,1,0,1,1,0,1,0,0,0,1
Bifidobacterium_bifidum_S17,0,0,0,0,0,0,0,0,0,0,0
Bifidobacterium_boum_DSM_20432,1,1,0,1,1,0,1,0,0,0,1
Bifidobacterium_breve_HPH0326,0,0,0,0,0,0,0,0,0,0,0
Bifidobacterium_breve_UCC2003_NCIMB8807,1,1,0,1,1,0,1,0,0,0,0
Bifidobacterium_catenulatum_DSM_16992,1,1,0,1,1,0,1,0,0,0,1
Bifidobacterium_coryneforme_DSM_20216,1,1,0,1,1,0,1,0,0,0,0
Bifidobacterium_dentium_ATCC_27678,1,1,0,1,1,0,1,0,0,0,1
Bifidobacterium_gallicum_DSM_20093,1,1,0,1,1,0,1,0,0,0,1
Bifidobacterium_kashiwanohense_DSM_21854,1,1,0,1,1,0,1,0,0,0,1
Bifidobacterium_longum_DJO10A,1,1,0,1,1,0,1,0,0,0,1
Bifidobacterium_longum_E18,1,1,0,1,1,0,1,0,0,0,0
Bifidobacterium_longum_infantis_157F_NC,1,1,0,1,1,0,1,0,0,0,1
Bifidobacterium_longum_infantis_ATCC_15697,1,1,0,1,1,0,1,0,0,0,1
Bifidobacterium_longum_longum_ATCC_55813,1,1,0,1,1,0,1,0,0,0,1
Bifidobacterium_longum_longum_BBMN68,1,1,0,1,1,0,1,0,0,0,1
Bifidobacterium_longum_longum_CCUG_52486,1,1,0,1,1,0,1,0,0,0,1
Bifidobacterium_longum_longum_JCM_1217,1,1,0,1,1,0,1,0,0,0,1
Bifidobacterium_longum_longum_JDM301,1,1,0,1,1,0,1,0,0,0,1
Bifidobacterium_longum_NCC2705,1,1,0,1,1,0,1,0,0,0,1
Bifidobacterium_mongoliense_DSM_21395,1,1,0,1,1,0,1,0,0,0,1
Bifidobacterium_pseudocatenulatum_DSM_20438,1,1,0,1,1,0,1,0,0,0,1
Bifidobacterium_pseudolongum_subsp_Pseudolongum_DSM_20099,1,1,0,1,1,0,1,0,0,0,1
Bifidobacterium_ruminantium_DSM_6489,1,1,0,1,1,0,1,0,0,0,1
Bifidobacterium_scardovii_JCM_12489,1,1,0,1,1,0,1,0,0,0,1
Bifidobacterium_stercoris_DSM_24849,0,0,0,0,0,0,0,0,0,0,0
Bifidobacterium_thermacidophilum_subsp_thermacidophilum_DSM_15837,1,1,0,1,1,0,1,0,0,0,1
Bifidobacterium_thermophilum_RBL67,1,1,0,1,1,0,1,0,0,0,1
Bilophila_wadsworthia_3_1_6,0,0,0,0,0,0,0,0,0,0,0
Blastococcus_massiliensis_AP3,1,1,0,0,1,0,1,0,0,0,1
Blautia_hansenii_VPI_C7_24_DSM_20583,1,1,0,1,1,1,1,0,0,0,1
Blautia_hydrogenotrophica_DSM_10507,1,1,0,1,1,1,1,0,0,0,1
Blautia_obeum_ATCC_29174,1,1,0,1,1,1,1,0,0,0,0
Blautia_producta_DSM_2950,0,0,0,0,0,0,0,0,0,0,0
Blautia_wexlerae_DSM_19850,0,0,0,0,0,0,0,0,0,0,0
Bordetella_hinzii_OH87_BAL007II,1,0,0,0,0,1,0,1,1,0,1
Brachybacterium_paraconglomeratum_LC44,1,1,0,0,1,1,1,0,1,0,1
Brachyspira_pilosicoli_B2904,1,1,0,1,0,1,0,0,0,1,0
Bradyrhizobium_elkanii_USDA_76,1,0,1,0,0,1,1,1,0,0,1
Bradyrhizobium_japonicum_USDA_6,1,0,1,0,1,1,1,1,0,0,1
Brevibacillus_agri_5_2,1,1,1,1,0,1,1,1,1,0,1
Brevibacillus_agri_BAB_2500,1,1,1,1,0,1,1,1,1,0,1
Brevibacillus_borstelensis_AK1,1,1,1,0,0,1,0,1,1,0,1
Brevibacillus_brevis_NBRC_100599,1,1,1,1,0,1,1,1,1,0,1
Brevibacterium_casei_S18,1,1,0,0,1,1,1,0,1,0,1
Brevibacterium_linens_BL2,1,1,0,0,1,1,1,0,1,0,1
Brevibacterium_massiliense_5401308,0,0,0,0,0,0,0,0,0,0,0
Brevundimonas_bacteroides_DSM_4726,1,0,1,0,1,1,0,1,0,1,1
Brevundimonas_diminuta_470_4,1,0,1,0,0,1,0,0,1,1,1
Brochothrix_thermosphacta_DSM_20171,1,1,0,1,1,0,1,0,0,0,0
Bulleidia_extructa_W1219,1,1,0,1,0,0,1,0,0,0,1
Burkholderia_cepacia_GG4,1,0,1,0,1,1,0,1,1,0,1
Burkholderiales_bacterium_1_1_47,0,0,0,0,1,1,0,1,0,0,1
Butyricicoccus_pullicaecorum_1_2,1,1,1,1,1,1,0,0,0,0,0
Butyricimonas_synergistica_DSM_23225,1,1,1,0,1,0,1,0,0,0,1
Butyricimonas_virosa_DSM_23226,1,1,1,0,1,0,1,0,1,0,1
Butyrivibrio_crossotus_DSM_2876,0,0,0,0,0,0,0,0,0,0,0
Butyrivibrio_fibrisolvens_16_4,0,0,0,0,0,0,0,0,0,0,0
Campylobacter_coli_JV20,1,0,0,0,1,1,1,1,1,1,1
Campylobacter_concisus_13826,1,0,0,0,0,0,0,0,0,0,0
Campylobacter_curvus_525_92,1,0,0,0,1,1,1,1,0,1,1
Campylobacter_fetus_subsp_fetus_82_40,1,0,0,0,0,1,0,1,0,0,1
Campylobacter_gracilis_RM3268,1,0,0,0,0,0,0,0,0,0,0
Campylobacter_hominis_ATCC_BAA_381,1,0,0,0,0,1,0,1,0,1,1
Campylobacter_hyointestinalis_subsp_hyointestinalis_LMG_9260,1,0,0,0,0,0,0,0,0,0,0
Campylobacter_jejuni_jejuni_81_176,1,0,0,0,1,1,1,1,0,1,1
Campylobacter_jejuni_jejuni_ICDCCJ07004,1,0,0,0,1,1,1,1,0,1,1
Campylobacter_jejuni_jejuni_M1,1,0,0,0,1,1,1,1,0,1,1
Campylobacter_jejuni_jejuni_NCTC_11168,1,0,0,0,1,1,1,1,0,1,1
Campylobacter_lari_RM2100,1,0,0,0,0,0,0,0,0,0,0
Campylobacter_rectus_RM3267,1,0,0,0,0,0,0,0,0,0,0
Campylobacter_showae_CSUNSWCD,1,0,0,0,0,0,0,0,0,0,0
Campylobacter_upsaliensis_JV21,1,0,0,0,1,1,0,1,0,1,1
Candidatus_Nitrososphaera_gargensis_Ga9_2,0,0,0,0,0,0,0,0,0,0,0
Capnocytophaga_granulosa_ATCC_51502,1,1,0,0,0,0,1,0,0,0,1
Capnocytophaga_ochracea_DSM_7271,1,1,0,0,0,0,1,0,0,0,1
Capnocytophaga_sputigena_ATCC_33612,1,1,0,0,0,0,1,0,0,0,1
Catenibacterium_mitsuokai_DSM_15897,0,0,0,0,0,0,0,0,0,0,0
Cedecea_davisae_DSM_4568,1,1,0,1,1,1,1,1,0,0,1
Cellulosilyticum_lentocellum_DSM_5427,1,1,0,1,1,0,1,0,0,1,0
Cellulosimicrobium_cellulans_J36,0,0,0,0,0,0,0,0,0,0,0
Cetobacterium_somerae_ATCC_BAA_47401,1,1,1,1,1,1,0,0,0,1,1
Citrobacter_amalonaticus_Y19,1,1,1,1,1,1,1,1,1,0,1
Citrobacter_freundii_ATCC_8090,1,1,1,1,1,1,1,1,1,0,1
Citrobacter_freundii_UCI_31,1,1,1,1,1,1,1,1,1,0,1
Citrobacter_koseri_ATCC_BAA_895,1,1,1,1,1,1,1,1,1,0,1
Citrobacter_sp_30_2,1,1,1,1,1,1,1,1,1,0,1
Citrobacter_youngae_ATCC_29220,1,1,1,1,1,1,1,1,1,0,1
Cloacibacillus_evryensis_DSM_19522,1,1,1,1,1,1,1,0,0,0,1
Clostridiales_sp_1_7_47FAA,1,1,0,1,1,1,0,0,0,0,0
Clostridium_acetobutylicum_ATCC_824,1,1,1,1,1,0,1,1,0,0,1
Clostridium_asparagiforme_DSM_15981,1,1,0,1,1,1,1,1,0,0,0
Clostridium_bartlettii_DSM_16795,1,1,0,1,1,0,1,0,0,1,0
Clostridium_beijerinckii_NCIMB_8052,1,1,0,1,1,0,1,0,0,0,1
Clostridium_bifermentans_ATCC_19299,1,1,0,1,1,0,1,0,0,0,0
Clostridium_bolteae_ATCC_BAA_613,1,1,0,1,1,1,1,0,0,0,0
Clostridium_botulinum_A_str_ATCC_19397,1,1,1,1,1,0,1,0,0,0,1
Clostridium_botulinum_A_str_ATCC_3502,1,1,1,1,1,0,1,0,0,0,0
Clostridium_botulinum_A_str_Hall,1,1,1,1,1,0,1,0,0,0,0
Clostridium_botulinum_Bf,1,1,1,1,1,0,1,0,0,0,1
Clostridium_botulinum_E1_str_BoNT_E_Beluga,1,1,1,1,1,0,1,0,0,0,0
Clostridium_botulinum_F_str_230613,1,1,1,1,1,0,1,0,0,0,1
Clostridium_butyricum_DSM_10702,1,1,1,1,1,0,1,0,0,0,1
Clostridium_butyricum_E4_str_BoNT_E_BL5262,1,1,1,1,1,1,1,0,0,0,1
Clostridium_cadaveris_AGR2141,1,1,1,1,1,1,1,1,0,0,1
Clostridium_celatum_DSM_1785,1,1,1,1,1,0,0,0,0,0,1
Clostridium_cellobioparum_DSM_1351,1,1,0,1,1,0,1,0,0,0,0
Clostridium_citroniae_WAL_17108,1,1,1,1,1,1,0,0,0,0,1
Clostridium_clariflavum_DSM_19732,1,1,0,1,1,0,1,0,0,0,0
Clostridium_clostridioforme_CM201,1,1,0,1,1,1,1,0,0,0,0
Clostridium_difficile_CD196,1,1,1,1,1,0,1,0,0,1,1
Clostridium_difficile_NAP07,1,1,1,1,1,0,1,0,0,1,1
Clostridium_difficile_NAP08,1,1,1,1,1,0,1,0,0,1,1
Clostridium_difficile_R20291,1,1,1,1,1,0,1,0,0,1,1
Clostridium_glycolicum_ATCC_14880,1,1,0,1,1,0,1,0,1,0,0
Clostridium_hathewayi_12489931,1,1,0,1,1,1,0,0,0,0,1
Clostridium_hathewayi_DSM_13479,1,1,0,1,1,1,0,0,0,0,0
Clostridium_hiranonis_TO_931_DSM_13275,1,1,0,1,1,1,0,0,0,0,0
Clostridium_hylemonae_DSM_15053,1,1,1,1,1,0,1,0,0,0,0
Clostridium_indolis_DSM_755,0,0,0,0,0,0,0,0,0,0,0
Clostridium_innocuum_2959,1,1,1,1,1,0,0,0,0,0,0
Clostridium_leptum_DSM_753,0,0,0,0,0,0,0,0,0,0,0
Clostridium_methoxybenzovorans_SR3,1,1,0,1,1,1,1,1,0,0,0
Clostridium_methylpentosum_R2_DSM_5476,1,1,0,1,0,0,0,0,0,0,0
Clostridium_nexile_DSM_1787,0,0,0,0,0,0,0,0,0,0,0
Clostridium_paraputrificum_AGR2156,1,1,1,1,1,0,1,0,0,0,1
Clostridium_perfringens_ATCC_13124,1,1,1,1,1,0,1,0,0,0,1
Clostridium_ramosum_VPI_0427_DSM_1402,0,0,0,0,0,0,0,0,0,0,0
Clostridium_saccharogumia_DSM_17460,0,1,0,1,1,0,0,0,0,0,0
Clostridium_saccharoperbutylacetonicum_N1_4_HMT,1,1,1,1,1,1,1,1,0,0,1
Clostridium_sartagoforme_AAU1,1,1,1,1,1,0,1,0,1,0,0
Clostridium_scindens_ATCC_35704,1,1,0,1,1,1,0,0,0,1,0
Clostridium_sordellii_ATCC_9714,1,1,1,1,1,1,0,0,0,0,0
Clostridium_sp_7_2_43FAA,1,1,1,1,1,0,0,0,0,0,0
Clostridium_sp_L2_50,0,0,0,0,0,0,0,0,0,0,0
Clostridium_sp_M62_1,0,0,0,0,0,0,0,0,0,0,0
Clostridium_sp_SS2_1,1,1,1,1,1,0,1,0,0,0,1
Clostridium_sp_SY8519,1,0,1,0,1,0,1,0,0,0,1
Clostridium_spiroforme_DSM_1552,0,0,0,0,0,0,0,0,0,0,0
Clostridium_sporosphaeroides_DSM_1294,1,1,1,1,1,0,1,0,0,0,0
Clostridium_sticklandii_DSM_519,1,1,1,0,1,0,0,0,1,0,1
Clostridium_symbiosum_ATCC_14940,1,1,0,1,1,1,1,1,0,1,1
Clostridium_symbiosum_WAL_14163,1,1,0,1,1,1,1,1,0,1,1
Clostridium_symbiosum_WAL_14673,1,1,0,1,1,1,1,1,0,1,1
Clostridium_tyrobutyricum_DSM_2637,1,1,1,1,1,0,1,0,0,0,1
Clostridium_viride_DSM_6836,1,1,0,0,1,0,0,0,0,0,0
Collinsella_aerofaciens_ATCC_25986,1,1,0,1,1,0,1,0,0,0,0
Collinsella_intestinalis_DSM_13280,1,1,0,1,1,0,1,0,0,0,0
Collinsella_stercoris_DSM_13279,1,1,0,1,1,0,1,0,0,0,0
Collinsella_tanakaei_YIT_12063,1,1,0,1,1,0,1,0,0,0,0
Comamonas_testosteroni_CNB_2,1,0,0,0,1,1,1,1,1,0,1
Coprobacillus_sp_29_1,1,1,0,1,1,0,1,0,0,0,0
Coprobacillus_sp_D7,0,0,0,0,0,0,0,0,0,0,0
Coprococcus_catus_GD_7,1,1,1,1,1,0,1,0,0,0,1
Coprococcus_comes_ATCC_27758,1,0,1,0,0,0,1,0,0,0,0
Coprococcus_eutactus_ATCC_27759,0,0,0,0,0,0,0,0,0,0,0
Corynebacterium_ammoniagenes_DSM_20306,1,0,0,0,1,1,1,0,1,0,1
Corynebacterium_amycolatum_SK46,0,0,0,0,0,0,0,0,0,0,0
Corynebacterium_aurimucosum_ATCC_700975,1,1,0,1,1,0,1,1,1,0,0
Corynebacterium_durum_F0235,1,0,0,0,0,1,1,0,0,0,1
Corynebacterium_glucuronolyticum_ATCC_51867,1,0,0,0,1,1,1,0,0,0,1
Corynebacterium_kroppenstedtii_DSM_44385,0,0,0,0,0,0,0,0,0,0,0
Corynebacterium_propinquum_DSM_44285,1,0,0,0,1,0,1,1,0,0,1
Corynebacterium_striatum_ATCC_6940,1,0,0,0,1,1,1,1,1,0,1
Corynebacterium_tuberculostearicum_SK141,1,0,0,0,1,1,1,1,0,0,0
Corynebacterium_ulcerans_809,1,1,0,0,1,0,1,1,0,0,1
Corynebacterium_ureicelerivorans,1,1,0,1,1,0,1,0,0,0,1
Cronobacter_sakazakii_ATCC_BAA_894,1,1,0,1,1,1,1,1,0,1,1
Cryptobacterium_curtum_DSM_15641,1,0,0,0,1,1,0,0,0,0,0
Curtobacterium_flaccumfaciens_UCD_AKU,1,1,0,0,0,0,1,0,0,1,1
Delftia_acidovorans_SPH_1,1,1,1,1,1,1,1,1,1,1,1
Dermacoccus_nishinomiyaensis,1,1,0,0,1,0,1,0,1,0,1
Desulfovibrio_desulfuricans_subsp_desulfuricans_DSM_642,1,1,0,1,1,1,1,1,0,1,1
Desulfovibrio_piger_ATCC_29098,1,1,0,1,1,1,1,0,0,1,0
Desulfovibrio_sp_3_1_syn3,1,1,0,1,1,1,1,1,0,1,1
Dialister_invisus_DSM_15470,1,0,0,0,1,0,1,0,0,0,1
Dialister_succinatiphilus_YIT_11850,1,1,0,1,1,1,1,0,0,0,1
Dietzia_cinnamea_P4,1,1,0,0,1,0,0,0,0,0,1
Dorea_formicigenerans_ATCC_27755,1,1,0,1,1,1,1,0,0,0,1
Dorea_longicatena_DSM_13814,1,1,0,1,1,0,0,0,0,0,0
Dyadobacter_beijingensis_DSM_21582,1,0,0,0,0,0,0,0,0,0,1
Dyadobacter_fermentans_DSM_18053,0,0,0,0,0,0,0,0,0,0,0
Dysgonomonas_gadei_ATCC_BAA_286,1,1,0,0,1,0,0,0,0,0,1
Edwardsiella_tarda_ATCC_23685,1,1,0,1,1,1,1,1,0,0,1
Edwardsiella_tarda_FL6_60,1,1,0,1,1,1,1,1,0,0,1
Eggerthella_lenta_DSM_2243,0,0,0,0,0,0,0,0,0,0,0
Eggerthella_sp_1_3_56FAA,1,0,0,0,1,0,1,0,0,0,1
Eggerthella_sp_YY7918,0,0,0,0,0,0,0,0,0,0,0
Eggerthia_catenaformis_OT_569,1,1,0,1,1,0,1,0,0,0,0
Eikenella_corrodens_ATCC_23834,1,0,0,0,1,0,1,1,0,0,1
Enterobacter_aerogenes_KCTC_2190,1,1,0,1,1,1,1,1,0,0,1
Enterobacter_asburiae_LF7a,1,1,0,1,1,1,1,1,0,0,1
Enterobacter_cancerogenus_ATCC_35316,1,1,0,1,1,1,1,1,0,0,1
Enterobacter_cloacae_EcWSU1,1,1,0,1,1,1,1,1,0,0,1
Enterobacter_hormaechei_YT2,1,1,0,1,1,1,1,1,0,0,1
Enterobacter_hormaechei_YT3,1,1,0,1,1,1,1,1,0,0,1
Enterobacteriaceae_bacterium_9_2_54FAA,1,1,1,1,1,1,1,1,0,0,1
Enterococcus_asini_ATCC_700915,1,1,0,1,1,0,1,1,0,0,1
Enterococcus_avium_ATCC_14025,1,1,0,1,1,0,1,1,0,1,0
Enterococcus_caccae_ATCC_BAA_1240,1,1,0,1,1,0,1,0,1,1,0
Enterococcus_casseliflavus_ATCC_12755,1,1,0,1,1,0,1,0,0,0,0
Enterococcus_cecorum_DSM_20682,1,1,0,1,1,0,1,1,0,1,0
Enterococcus_dispar_ATCC_51266,1,1,0,1,1,0,1,0,1,1,0
Enterococcus_durans_ATCC_6056,1,1,0,1,1,0,1,1,0,0,0
Enterococcus_faecalis_OG1RF_ATCC_47077,1,1,0,1,1,0,1,1,0,1,0
Enterococcus_faecalis_TX0104,1,1,0,1,1,0,1,1,0,1,0
Enterococcus_faecalis_TX1322,1,1,0,1,1,0,1,1,0,1,1
Enterococcus_faecalis_TX2134,1,1,0,1,1,0,1,1,0,1,0
Enterococcus_faecalis_V583,1,1,0,1,1,0,1,1,0,1,0
Enterococcus_faecium_TX1330,1,1,0,1,1,0,1,1,0,0,0
Enterococcus_gallinarum_EG2,1,1,0,1,1,0,1,0,0,0,0
Enterococcus_hirae_ATCC_9790,1,1,0,1,1,0,1,1,0,0,0
Enterococcus_phoeniculicola_ATCC_BAA_412,1,1,0,1,1,0,1,1,0,0,0
Enterococcus_saccharolyticus_DSM8903,1,1,0,0,0,0,1,0,0,0,1
Enterococcus_sp_7L76,1,1,0,1,1,0,1,1,0,0,0
Erysipelotrichaceae_bacterium_5_2_54FAA,1,0,0,0,1,0,0,0,0,0,0
Erysipelotrichaceae_bacterium_sp_3_1_53,0,0,0,0,0,0,0,0,0,0,0
Escherichia_albertii_KF1,1,1,1,1,1,1,1,1,1,0,1
Escherichia_albertii_TW07627,1,1,1,1,1,1,1,1,1,0,1
Escherichia_coli_O157_H7_str_Sakai,1,1,1,1,1,1,1,1,1,0,1
Escherichia_coli_SE11,1,1,0,1,1,1,1,1,1,0,1
Escherichia_coli_str_K_12_substr_MG1655,1,1,1,1,1,1,1,1,1,0,1
Escherichia_coli_UTI89_UPEC,1,1,1,1,1,1,1,1,1,0,1
Escherichia_fergusonii_ATCC_35469,1,1,1,1,1,1,1,1,1,0,1
Escherichia_hermannii_NBRC_105704,1,1,1,1,1,1,1,1,0,0,1
Escherichia_sp_1_1_43,1,1,0,1,1,0,1,0,0,0,1
Escherichia_sp_3_2_53FAA,1,1,1,1,1,1,1,1,1,0,1
Escherichia_sp_4_1_40B,1,1,1,1,1,1,1,1,1,0,1
Eubacterium_biforme_DSM_3989,0,0,0,0,0,0,0,0,0,0,0
Eubacterium_brachy_ATCC_33089,1,1,0,1,1,0,0,0,0,0,0
Eubacterium_cellulosolvens_6,1,0,0,0,1,0,1,0,0,0,0
Eubacterium_cylindroides_T2_87,0,0,0,0,0,0,0,0,0,0,0
Eubacterium_desmolans_ATCC_43058,0,0,0,0,0,0,0,0,0,0,0
Eubacterium_dolichum_DSM_3991,1,0,0,0,1,0,1,0,0,0,0
Eubacterium_eligens_ATCC_27750,1,1,0,1,1,1,1,0,1,1,1
Eubacterium_hallii_DSM_3353,0,0,0,0,0,0,0,0,0,0,0
Eubacterium_hallii_L2_7,0,0,0,0,0,0,0,0,0,0,0
Eubacterium_limosum_KIST612,1,0,1,0,1,0,1,0,0,0,1
Eubacterium_ramulus_ATCC_29099,0,0,0,0,0,0,0,0,0,0,0
Eubacterium_rectale_ATCC_33656,1,1,0,1,1,1,1,0,0,0,0
Eubacterium_rectale_M104_1,1,1,0,1,1,0,1,0,0,0,1
Eubacterium_saphenum_ATCC_49989,1,1,1,0,1,0,0,0,0,0,0
Eubacterium_siraeum_70_3,0,0,0,0,0,0,0,0,0,0,0
Eubacterium_siraeum_DSM_15702,0,0,0,0,0,0,0,0,0,0,0
Eubacterium_sulci_ATCC_35585,1,1,1,0,1,0,1,0,0,1,0
Eubacterium_ventriosum_ATCC_27560,0,0,0,0,0,0,0,0,0,0,0
Exiguobacterium_aurantiacum_DSM_6208,1,1,0,1,1,0,1,0,0,0,1
Faecalibacterium_cf_prausnitzii_KLE1255,1,0,0,0,1,1,0,0,0,0,0
Faecalibacterium_prausnitzii_A2_165,1,1,0,0,1,1,0,0,0,0,1
Faecalibacterium_prausnitzii_L2_6,1,0,0,0,1,1,0,0,0,0,0
Faecalibacterium_prausnitzii_M21_2,1,1,0,1,1,1,0,0,0,0,1
Faecalibacterium_prausnitzii_SL3_3,1,1,0,1,1,1,0,0,0,0,1
Filifactor_alocis_ATCC_35896,1,1,0,0,1,1,0,0,0,0,1
Finegoldia_magna_ATCC_29328,1,1,0,1,1,0,0,0,0,0,0
Flavonifractor_plautii_ATCC_29863,1,1,1,1,1,1,0,0,0,0,1
Fusobacterium_gonidiaformans_3_1_5R,0,0,0,0,0,0,0,0,0,0,0
Fusobacterium_gonidiaformans_ATCC_25563,0,0,0,0,0,0,0,0,0,0,0
Fusobacterium_mortiferum_ATCC_9817,1,1,1,1,1,1,0,1,0,1,1
Fusobacterium_necrophorum_D12,1,1,1,1,1,0,0,0,0,1,1
Fusobacterium_nucleatum_subsp_animalis_3_1_33,1,0,1,0,1,0,0,0,0,1,0
Fusobacterium_nucleatum_subsp_animalis_7_1,1,0,1,0,1,0,1,1,0,1,0
Fusobacterium_nucleatum_subsp_animalis_D11,1,0,1,0,1,1,0,0,0,1,0
Fusobacterium_nucleatum_subsp_nucleatum_ATCC_25586,1,0,1,0,1,0,0,0,0,1,0
Fusobacterium_nucleatum_subsp_vincentii_3_1_27,1,1,1,1,1,0,0,0,0,1,1
Fusobacterium_nucleatum_subsp_vincentii_3_1_36A2,1,1,1,1,1,0,0,0,0,1,1
Fusobacterium_nucleatum_subsp_vincentii_4_1_13,1,1,1,1,1,0,0,0,0,1,1
Fusobacterium_periodonticum_1_1_41FAA,1,0,1,0,1,1,0,0,0,1,0
Fusobacterium_periodonticum_2_1_31,1,0,1,0,1,0,0,0,0,1,0
Fusobacterium_russii_ATCC_25533,1,0,1,0,1,1,1,0,0,0,0
Fusobacterium_sp_4_8,0,0,0,0,0,0,0,0,0,0,0
Fusobacterium_ulcerans_ATCC_49185,1,1,1,1,1,1,1,1,0,1,1
Fusobacterium_varium_ATCC_27725,1,1,1,1,1,1,1,1,0,1,1
Gemella_haemolysans_ATCC_10379,1,0,0,0,1,0,1,0,0,0,0
Gemella_morbillorum_M424,1,1,0,1,1,0,1,0,0,0,0
Gemella_sanguinis_ATCC700632,1,1,0,1,1,0,1,0,0,0,0
Gemella_sanguinis_M325,1,1,0,1,1,0,1,0,0,0,0
Geobacillus_stearothermophilus_ATCC_7953,1,1,1,1,1,1,0,1,0,0,1
Geobacillus_vulcani_PSS1,1,1,0,1,1,1,1,1,0,0,1
Gordonia_rubripertincta_NBRC_101908,1,1,0,1,1,0,0,0,0,0,1
Gordonia_terrae_C_6,1,1,1,1,1,0,0,0,0,0,1
Gordonia_terrae_NBRC_100016,0,0,0,0,0,0,0,0,0,0,0
Gordonibacter_pamelaeae_7_10_1_bT_DSM_19378,0,0,0,0,1,0,1,0,0,1,0
Granulicatella_adiacens_ATCC_49175,1,1,0,1,1,0,1,0,0,0,0
Granulicatella_elegans_ATCC_700633,1,1,0,1,1,0,1,0,0,0,1
Grimontia_hollisae_CIP_101886,1,1,0,1,1,1,1,0,1,0,1
Haemophilus_haemolyticus_M19501,1,0,0,0,1,1,1,1,0,0,1
Haemophilus_influenzae_R2846,1,0,0,0,1,1,1,1,0,0,1
Haemophilus_parainfluenzae_T3T1,1,1,0,0,1,1,1,0,0,0,1
Haemophilus_sputorum_CCUG_13788,1,1,0,1,1,0,1,0,0,0,1
Hafnia_alvei_ATCC_51873,1,1,1,1,1,1,1,1,0,0,1
Hafnia_alvei_BIDMC_31,1,1,1,1,1,1,1,1,0,0,1
Halococcus_morrhuae_DSM1307,0,0,0,0,0,0,0,0,0,0,0
Helicobacter_bilis_ATCC_43879,0,0,0,0,1,1,0,1,0,0,1
Helicobacter_canadensis_MIT_98_5491,1,0,0,0,0,0,0,0,0,0,0
Helicobacter_cinaedi_CCUG_18818,1,0,0,0,1,1,0,1,1,0,1
Helicobacter_pullorum_MIT_98_5489,0,0,0,0,1,0,0,0,0,0,0
Helicobacter_pylori_26695,0,0,0,0,1,1,0,1,0,1,1
Helicobacter_winghamensis_ATCC_BAA_430,1,0,0,0,1,1,0,1,0,0,0
Holdemania_filiformis_VPI_J1_31B_1_DSM_12042,1,1,0,1,1,0,1,0,0,0,0
Kallipyga_massiliensis_ph2,1,1,0,1,1,1,0,0,0,0,1
Kandleria_vitulina_DSM_20405,1,1,0,1,1,0,1,0,0,0,0
Kingella_oralis_ATCC_51147,1,1,0,0,0,1,1,1,0,0,0
Klebsiella_oxytoca_KCTC_1686,1,1,1,1,1,1,1,1,0,0,1
Klebsiella_pneumoniae_pneumoniae_MGH78578,1,1,0,1,1,1,1,1,0,0,1
Klebsiella_sp_1_1_55,1,1,0,1,1,1,1,1,0,0,1
Kluyvera_ascorbata_ATCC_33433,1,1,0,1,1,1,1,1,0,0,1
Kocuria_palustris_PEL,1,1,0,0,0,0,1,0,1,0,1
Kocuria_rhizophila_DC2201,0,0,0,0,0,0,0,0,0,0,0
Kurthia_massiliensis_JC30,1,1,0,0,1,0,1,0,0,0,1
Kytococcus_sedentarius_DSM_20547,1,1,0,0,1,0,0,0,0,0,1
Lachnospira_multipara_ATCC_19207,1,1,0,1,1,1,1,0,1,0,0
Lachnospiraceae_bacterium_sp_5_1_63FAA,1,1,1,1,1,0,1,0,0,0,0
Lachnospiraceae_bacterium_sp_8_1_57FAA,1,1,0,1,1,0,0,0,0,0,0
Lactobacillus_acidophilus_ATCC_4796,0,0,0,0,0,0,0,0,0,0,0
Lactobacillus_acidophilus_NCFM,0,0,0,0,0,0,0,0,0,0,0
Lactobacillus_amylolyticus_DSM_11664,0,0,0,0,0,0,0,0,0,0,0
Lactobacillus_amylovorus_GRL_1112,0,0,0,0,0,0,0,0,0,0,0
Lactobacillus_animalis_KCTC_3501,0,0,0,0,0,0,0,0,0,0,0
Lactobacillus_antri_DSM_16041,0,0,0,0,0,0,0,0,0,0,0
Lactobacillus_brevis_ATCC_367,1,1,0,1,1,0,1,0,0,0,0
Lactobacillus_brevis_subsp_gravesensis_ATCC_27305,0,0,0,0,0,0,0,0,0,0,0
Lactobacillus_buchneri_ATCC_11577,0,0,0,0,0,0,0,0,0,0,0
Lactobacillus_casei_ATCC_334,1,1,0,1,1,0,1,1,0,0,0
Lactobacillus_casei_casei_BL23,1,1,0,1,1,0,1,1,0,0,0
Lactobacillus_coleohominis_101_4_CHN,0,0,0,0,0,0,0,0,0,0,0
Lactobacillus_coryniformis_subsp_coryniformis_CECT_5711,1,1,0,1,1,0,1,0,0,0,1
Lactobacillus_crispatus_125_2_CHN,0,0,0,0,0,0,0,0,0,0,0
Lactobacillus_curvatus_CRL_705,1,1,0,1,1,0,1,0,0,0,1
Lactobacillus_delbrueckii_subsp_bulgaricus_ATCC_11842,0,0,0,0,0,0,0,0,0,0,0
Lactobacillus_delbrueckii_subsp_bulgaricus_ATCC_BAA_365,0,0,0,0,0,0,0,0,0,0,0
Lactobacillus_fermentum_ATCC_14931,0,0,0,0,0,0,0,0,0,0,0
Lactobacillus_fermentum_IFO_3956,0,0,0,0,0,0,0,0,0,0,0
Lactobacillus_gasseri_ATCC_33323,0,0,0,0,0,0,0,0,0,0,0
Lactobacillus_gastricus_PS3,1,1,0,1,0,0,1,0,0,0,0
Lactobacillus_helveticus_DSM_20075,0,0,0,0,0,0,0,0,0,0,0
Lactobacillus_hilgardii_ATCC_8290,0,0,0,0,0,0,0,0,0,0,0
Lactobacillus_iners_DSM_13335,0,0,0,0,0,0,0,0,0,0,0
Lactobacillus_jensenii_1153,0,0,0,0,0,0,0,0,0,0,0
Lactobacillus_johnsonii_DPC_6026,0,0,0,0,0,0,0,0,0,0,0
Lactobacillus_johnsonii_NCC_533,0,0,0,0,0,0,0,0,0,0,0
Lactobacillus_mucosae_LM1,1,1,0,1,0,0,1,0,0,0,0
Lactobacillus_oris_F0423,1,1,0,1,0,0,1,0,0,0,1
Lactobacillus_paracasei_subsp_paracasei_8700_2,1,1,0,1,1,0,1,1,0,0,1
Lactobacillus_paracasei_subsp_paracasei_ATCC_25302,1,1,0,1,1,0,1,1,0,0,0
Lactobacillus_pentosus_KCA1,1,1,0,1,1,0,1,0,0,0,1
Lactobacillus_plantarum_JDM1,0,0,0,0,0,0,0,0,0,0,0
Lactobacillus_plantarum_subsp_plantarum_ATCC_14917,0,0,0,0,0,0,0,0,0,0,0
Lactobacillus_plantarum_WCFS1,0,0,0,0,0,0,0,0,0,0,0
Lactobacillus_reuteri_CF48_3A_,0,0,0,0,0,0,0,0,0,0,0
Lactobacillus_reuteri_F275_JCM_1112,0,0,0,0,0,0,0,0,0,0,0
Lactobacillus_reuteri_MM2_3_,0,0,0,0,0,0,0,0,0,0,0
Lactobacillus_reuteri_MM4_1A_,0,0,0,0,0,0,0,0,0,0,0
Lactobacillus_reuteri_SD2112_ATCC_55730,0,0,0,0,0,0,0,0,0,0,0
Lactobacillus_rhamnosus_GG_ATCC_53103,1,1,0,1,1,0,1,1,0,0,0
Lactobacillus_rhamnosus_LMS2_1,1,1,0,1,1,0,1,1,0,0,0
Lactobacillus_ruminis_ATCC_25644,0,0,0,0,0,0,0,0,0,0,0
Lactobacillus_sakei_subsp_sakei_23K,1,1,0,1,1,0,1,0,0,0,0
Lactobacillus_salivarius_HO66_ATCC_11741,1,1,0,1,1,0,1,1,0,0,0
Lactobacillus_salivarius_salivarius_UCC118,1,1,0,1,1,0,1,1,0,0,0
Lactobacillus_ultunensis_DSM_16047,0,0,0,0,0,0,0,0,0,0,0
Lactobacillus_vaginalis_ATCC_49540,1,1,0,1,0,0,1,0,0,0,1
Lactococcus_garvieae_ATCC_49156,1,1,0,1,1,0,1,1,0,0,1
Lactococcus_lactis_subsp_lactis_Il1403,1,1,0,1,1,0,1,0,0,0,0
Lactococcus_raffinolactis_4877,1,1,0,1,1,0,1,1,0,0,0
Laribacter_hongkongensis_HLHK9,1,0,0,0,1,1,0,0,0,0,1
Lautropia_mirabilis_ATCC_51599,1,0,0,0,1,1,1,1,0,0,1
Leminorella_grimontii_ATCC_33999,1,1,0,1,1,1,0,1,0,0,1
Leptotrichia_buccalis_C_1013_b,1,1,0,1,1,0,1,0,0,0,1
Leuconostoc_argentinum_KCTC_3773,1,1,0,1,1,0,1,1,0,0,0
Leuconostoc_gelidum_JB7,1,1,0,1,1,0,1,1,0,0,0
Leuconostoc_lactis_KACC_91922,1,1,0,1,1,0,1,1,0,0,0
Leuconostoc_mesenteroides_subsp_cremoris_ATCC_19254,0,0,0,0,0,0,0,0,0,0,0
Listeria_grayi_DSM_20601,1,1,0,1,1,0,1,1,0,0,0
Listeria_monocytogenes_4a_L99,1,1,0,1,1,0,1,0,0,0,0
Listeria_monocytogenes_4b_F2365,1,1,0,1,1,0,1,0,0,0,0
Listeria_monocytogenes_Finland_1988,1,1,0,1,1,0,1,0,0,0,0
Listeria_monocytogenes_FSL_R2_561,1,1,0,1,1,0,1,0,0,0,0
Listeria_monocytogenes_J0161_FSL_R2_499,1,1,0,1,1,0,1,0,0,0,0
Listeria_monocytogenes_serotype_7_SLCC_2482,1,1,0,1,1,0,1,0,0,0,0
Listeria_monocytogenes_SLCC_2378,1,1,0,1,1,0,1,0,0,0,0
Listeria_monocytogenes_SLCC_2540,1,1,0,1,1,0,1,0,0,0,0
Listeria_monocytogenes_SLCC_7179,1,1,0,1,1,0,1,0,0,0,0
Lysinibacillus_fusiformis_ZB2,1,1,0,1,0,1,1,1,1,1,1
Lysinibacillus_sphaericus_C3_41,1,1,0,1,0,1,1,1,1,1,1
Marvinbryantia_formatexigens_I_52_DSM_14469,0,0,0,0,0,0,0,0,0,0,0
Megamonas_funiformis_YIT_11815,1,1,0,0,1,1,1,1,0,0,1
Megamonas_hypermegale_ART12_1,1,1,0,1,1,1,0,0,0,0,1
Megasphaera_elsdenii_DSM_20460,1,0,0,0,1,0,1,0,0,1,1
Melainabacterium_MEL_A1,0,0,0,0,0,0,0,0,0,0,0
Mesorhizobium_loti_MAFF303099,1,1,1,0,1,1,0,1,1,0,1
Methanobrevibacter_ruminantium_M1,0,0,0,0,0,0,0,0,0,0,0
Methanobrevibacter_smithii_ATCC_35061,1,1,0,1,0,0,0,0,0,1,0
Methanomassiliicoccus_luminyensis_B10,1,1,0,1,1,0,0,0,0,0,1
Methanosphaera_stadtmanae_DSM_3091,0,0,0,0,0,0,0,0,0,0,0
Methylobacterium_mesophilicum_SR1_6_6,1,1,1,1,1,1,1,1,0,1,1
Methylobacterium_populi_BJ001,1,1,1,1,1,1,1,1,0,1,1
Methylobacterium_radiotolerans_JCM_2831,1,1,1,1,0,1,1,1,1,1,1
Methyloversatilis_universalis_FAM5,1,1,1,1,1,1,0,0,1,0,1
Methyloversatilis_universalis_Fam50001,1,1,1,1,1,1,0,0,1,0,1
Microbacterium_gubbeenense_DSM_15944,1,1,0,0,0,1,0,1,1,0,1
Microbacterium_oleivorans_NBRC_103075,1,1,0,0,0,1,1,1,1,1,1
Microbacterium_paraoxydans_77MFTsu3_2,0,0,0,0,0,0,0,0,0,0,0
Micrococcus_luteus_NCTC_2665,1,1,0,0,1,0,1,0,1,1,1
Micromonospora_aurantiaca_ATCC_27029,1,1,0,0,1,0,0,0,0,0,1
Mitsuokella_jalaludinii_DSM_13811,1,1,0,0,1,1,1,1,0,0,1
Mitsuokella_multacida_DSM_20544,1,1,0,1,1,1,0,1,0,0,1
Mobiluncus_curtisii_ATCC_43063,0,0,0,0,0,0,0,0,0,0,0
Mogibacterium_timidum_ATCC_33093,0,0,0,0,0,0,0,0,0,0,0
Moraxella_catarrhalis_RH4,1,0,0,0,1,0,1,1,0,0,1
Morganella_morganii_subsp_morganii_KT,1,1,1,1,1,1,1,1,0,0,1
Mycobacterium_avium_subsp_avium_ATCC_25291,1,1,0,0,1,0,0,0,1,0,1
Mycobacterium_fortuitum_subsp_fortuitum_DSM_46621,0,0,0,0,0,0,0,0,0,0,0
Mycoplasma_hominis_ATCC_23114,0,0,0,0,0,0,0,0,0,0,0
Mycoplasma_pneumoniae_309,0,0,0,0,0,0,0,0,0,0,0
Neisseria_cinerea_ATCC_14685,1,0,0,0,1,1,1,1,0,0,1
Neisseria_elongata_subsp_glycolytica_ATCC_29315,1,0,0,0,1,0,1,0,0,0,0
Neisseria_flavescens_SK114,1,1,0,1,1,1,1,1,0,0,1
Neisseria_macacae_ATCC_33926,1,1,0,1,1,1,1,1,0,0,1
Neisseria_mucosa_ATCC_25996,1,1,0,1,1,1,1,1,0,0,1
Neisseria_subflava_NJ9703,1,1,0,1,1,1,1,1,0,0,1
Nevskia_ramosa_DSM_11499,1,1,0,1,0,1,1,1,0,1,1
Oceanobacillus_picturae_strain_S1,1,1,1,0,0,1,0,0,1,0,1
Ochrobactrum_anthropi_ATCC_49188,1,1,1,1,0,1,1,0,1,0,1
Ochrobactrum_intermedium_LMG_3301,1,1,0,1,0,1,1,1,1,0,1
Odoribacter_laneus_YIT_12061,1,1,0,0,1,1,0,0,0,0,1
Odoribacter_splanchnicus_1651_6_DSM_20712,1,0,1,0,1,0,0,1,0,0,1
Olsenella_profusa_F019501,1,1,0,1,1,0,1,1,0,0,0
Olsenella_uli_DSM_7084,0,0,0,0,0,0,0,0,0,0,0
Oribacterium_sinus_F0268,1,1,0,1,1,1,1,0,0,0,0
Oxalobacter_formigenes_HOxBLS,1,0,0,0,1,0,0,0,0,0,0
Oxalobacter_formigenes_OXCC13,1,0,0,0,1,0,0,0,0,0,0
Paenibacillus_alvei_DSM_29,1,1,1,1,1,1,0,0,0,0,1
Paenibacillus_barengoltzii_G22,1,1,0,1,1,0,0,0,0,0,1
Paenibacillus_daejeonensis_DSM_15491,1,1,0,1,1,0,0,0,0,0,1
Paenibacillus_graminis_C4D1M,1,1,1,1,1,1,1,1,1,0,1
Paenibacillus_lactis_154,1,1,0,1,1,0,0,0,0,0,1
Pantoea_agglomerans_IG1,1,1,0,1,1,1,1,1,0,0,1
Parabacteroides_distasonis_ATCC_8503,1,0,0,0,1,1,0,0,0,0,1
Parabacteroides_goldsteinii_dnLKV18,1,1,0,0,1,1,0,0,0,0,1
Parabacteroides_gordonii_DSM_23371,1,1,0,1,1,1,0,0,0,0,1
Parabacteroides_johnsonii_DSM_18315,1,0,0,0,1,0,0,0,0,0,1
Parabacteroides_merdae_ATCC_43184,1,0,0,0,1,0,0,0,0,0,1
Parabacteroides_sp_D13,1,0,0,0,1,1,0,0,0,0,1
Paracoccus_yeei_ATCC_BAA_599,1,1,1,0,1,1,1,1,0,0,1
Paraprevotella_clara_YIT_11840,1,1,0,0,1,0,0,0,1,0,0
Paraprevotella_xylaniphila_YIT_11841,1,1,0,0,1,0,0,0,0,0,0
Parasutterella_excrementihominis_YIT_11859,0,0,0,0,0,0,0,0,0,0,0
Parvimonas_micra_ATCC_33270,0,0,0,1,1,0,0,0,0,0,1
Pediococcus_acidilactici_7_4,0,0,0,0,0,0,0,1,0,0,0
Pediococcus_acidilactici_DSM_20284,0,0,0,0,0,0,0,0,0,0,0
Pediococcus_pentosaceus_ATCC_25745,1,1,0,1,1,0,0,1,0,0,0
Peptoniphilus_harei_ACS_146_V_Sch2b,1,0,1,0,0,0,0,0,1,0,1
Peptoniphilus_indolicus_ATCC_29427,1,1,0,1,1,1,0,0,0,0,0
Peptoniphilus_lacrimalis_DSM_7455,1,1,0,0,1,1,0,0,0,0,1
Peptoniphilus_timonensis_JC401,0,0,0,0,0,0,0,0,0,0,0
Peptostreptococcus_anaerobius_DSM_2949,1,1,1,1,1,0,0,0,0,0,1
Peptostreptococcus_stomatis_DSM_17678,1,1,1,0,1,0,0,0,0,0,0
Phascolarctobacterium_succinatutens_YIT_12067,0,0,0,0,1,0,0,0,0,0,1
Plesiomonas_shigelloides_302_73,1,1,0,1,1,1,1,1,0,0,1
Porphyromonas_asaccharolytica_DSM_20707,0,0,0,0,0,0,0,0,0,0,0
Porphyromonas_endodontalis_ATCC_35406,1,1,1,0,1,0,0,0,0,0,1
Porphyromonas_gingivalis_W83,1,0,1,0,1,0,0,0,0,0,1
Porphyromonas_somerae_DSM_23386,1,1,1,0,1,0,1,0,0,0,1
Porphyromonas_uenonis_60_3,0,0,0,0,0,0,0,0,0,0,0
Porphyromonas_uenonis_DSM_23387,0,0,0,0,0,0,0,0,0,0,0
Prevotella_albensis_DSM_11370,1,1,0,0,1,0,1,0,0,0,1
Prevotella_bivia_DSM_20514,1,0,0,0,1,1,0,0,0,0,1
Prevotella_brevis_ATCC_19188,1,0,0,0,1,0,0,0,0,0,0
Prevotella_bryantii_B14,1,1,0,0,1,0,0,0,0,0,0
Prevotella_bryantii_C21a,1,0,0,0,1,0,0,0,0,0,1
Prevotella_buccae_ATCC_33574,1,0,0,0,1,0,0,0,0,0,1
Prevotella_conceptionensis_9403948,0,0,0,0,0,0,0,0,0,0,0
Prevotella_copri_CB7_DSM_18205,1,0,0,0,1,0,0,0,0,0,1
Prevotella_corporis_DSM_18810,1,0,0,0,1,0,0,0,1,0,1
Prevotella_denticola_DSM20614,1,0,0,0,1,0,0,0,1,0,1
Prevotella_denticola_F0289,1,0,0,0,1,0,0,0,0,0,1
Prevotella_disiens_FB035_09AN,1,0,0,0,1,0,1,0,0,0,1
Prevotella_disiens_JCM_6334,1,0,0,0,1,0,1,0,0,0,1
Prevotella_enoeca_JCM_12259,1,0,0,0,1,0,0,0,0,0,1
Prevotella_intermedia_17,1,0,0,0,1,0,1,0,0,0,1
Prevotella_intermedia_ATCC_25611,1,0,0,0,1,0,1,0,0,0,1
Prevotella_loescheii_DSM_19665,1,0,0,0,1,0,1,0,0,0,1
Prevotella_melaninogenica_ATCC_25845,1,0,0,0,1,0,0,0,0,0,1
Prevotella_nanceiensis_DSM_19126,1,0,0,0,1,0,0,0,0,0,1
Prevotella_nigrescens_ATCC_33563,1,0,0,0,1,0,0,0,0,0,1
Prevotella_oralis_ATCC_33269,1,0,0,0,1,0,0,0,0,0,1
Prevotella_pallens_ATCC_700821,1,0,0,0,1,1,1,1,1,0,1
Prevotella_ruminicola_23,1,0,0,0,1,0,1,0,1,0,1
Prevotella_salivae_DSM_15606,0,0,0,0,0,0,0,0,0,0,0
Prevotella_shahii_JCM_12083,1,0,0,0,1,0,1,0,0,0,1
Prevotella_stercorea_DSM_18206,0,0,0,0,0,0,0,0,0,0,0
Prevotella_timonensis_4401737,1,0,0,0,1,0,0,0,0,0,1
Prevotella_timonensis_CRIS_5C_B1,1,0,0,0,1,0,0,0,0,0,1
Prevotella_veroralis_DSM_19559,1,0,0,0,1,0,0,0,0,0,1
Propionibacterium_acidipropionici_ATCC_4875,1,1,0,0,1,0,1,0,1,0,1
Propionibacterium_acnes_KPA171202,1,0,0,0,1,0,1,0,1,0,1
Propionibacterium_avidum_44067,1,0,0,0,1,0,1,0,1,0,1
Propionibacterium_freudenreichii_subsp_shermanii_CIRM_BIA1,0,0,0,0,0,0,0,0,0,0,0
Propionibacterium_granulosum_DSM_20700,1,0,0,0,1,0,1,0,0,0,1
Propionibacterium_jensenii_DSM_20535,1,0,0,0,1,0,1,1,1,0,1
Propionibacterium_propionicum_F0230a,1,1,0,1,1,0,1,0,0,0,1
Proteus_mirabilis_ATCC_29906,1,1,0,1,1,1,1,1,0,0,1
Proteus_penneri_ATCC_35198,1,1,0,1,1,1,1,1,0,0,1
Providencia_alcalifaciens_DSM_30120,1,1,0,1,1,1,0,1,0,0,1
Providencia_rettgeri_DSM_1131,1,1,1,1,1,1,0,1,0,0,1
Providencia_rustigianii_DSM_4541,1,1,0,1,1,1,0,1,0,0,1
Providencia_stuartii_ATCC_25827,1,1,0,1,1,1,0,1,0,0,1
Pseudobutyrivibrio_ruminis_AD2017,1,1,0,1,1,0,1,0,0,0,0
Pseudoflavonifractor_capillosus_strain_ATCC_29799,1,1,0,1,1,0,0,0,0,0,0
Pseudomonas_aeruginosa_NCGM2_S1,1,1,1,1,1,1,1,1,1,1,1
Pseudomonas_alcaliphila_34,1,1,1,1,1,1,1,1,1,0,1
Pseudomonas_fluorescens_PfO_1,1,0,0,0,0,1,1,1,1,1,1
Pseudomonas_monteilii_NBRC_103158,1,1,1,1,0,1,1,1,1,1,1
Pseudomonas_monteilii_QM,1,1,1,1,0,1,1,1,1,1,1
Pseudomonas_nitroreducens_HBP1,1,1,1,1,0,1,1,1,1,1,1
Pseudomonas_oleovorans_MOIL14HWK12,1,1,0,0,0,1,1,1,1,1,1
Pseudomonas_putida_F1,1,1,1,1,0,1,1,1,1,1,1
Pseudomonas_stutzeri_DSM_4166,1,1,1,1,1,1,1,1,1,1,1
Pseudoramibacter_alactolyticus_ATCC_23263,1,1,0,1,1,0,1,0,0,0,0
Pyramidobacter_piscolens_W5455,1,0,0,0,1,1,1,0,0,0,1
Ralstonia_sp_5_7_47FAA,1,0,1,0,1,1,0,1,1,0,1
Raoultella_planticola_ATCC_33531,1,1,1,1,1,1,1,1,0,0,1
Rhodococcus_equi_ATCC_33707,1,1,0,1,1,1,1,0,1,1,1
Rhodococcus_equi_NBRC_101255,1,1,0,1,1,1,1,0,1,1,1
Rhodococcus_erythropolis_PR4,1,1,0,1,0,1,1,1,1,1,1
Rhodococcus_rhodochrous_ATCC_21198,1,1,0,1,0,1,1,1,1,1,1
Roseburia_hominis_A2_183,1,1,0,1,1,1,1,0,0,0,0
Roseburia_intestinalis_L1_82,1,1,0,1,1,1,1,0,0,0,0
Roseburia_inulinivorans_DSM_16841,1,1,0,1,1,0,1,0,0,0,0
Roseomonas_mucosa_ATCC_BAA_692,1,1,0,0,0,1,1,1,0,0,1
Rothia_aeria_F0474,0,0,0,0,0,0,0,0,0,0,0
Rothia_dentocariosa_ATCC_17931,0,0,0,0,0,0,0,0,0,0,0
Rothia_mucilaginosa_DY_18,0,0,0,0,0,0,0,0,0,0,0
Rudanella_lutea_DSM_19387,1,0,0,0,0,0,0,0,0,0,1
Ruminococcaceae_bacterium_D16,1,0,1,0,1,0,0,0,0,0,1
Ruminococcus_albus_7,1,1,0,1,1,1,1,0,0,0,1
Ruminococcus_bicirculans_80_3,0,0,0,0,0,0,0,0,0,0,0
Ruminococcus_bromii_L2_63,1,1,0,1,1,0,1,0,0,0,1
Ruminococcus_callidus_ATCC_2776001,1,1,0,1,1,0,1,0,0,0,1
Ruminococcus_champanellensis_18P13,0,0,0,0,0,0,0,0,0,0,0
Ruminococcus_flavefaciens_ATCC_19208,1,1,0,1,1,0,1,0,0,0,0
Ruminococcus_flavefaciens_FD_1,1,1,0,1,1,0,1,0,0,0,1
Ruminococcus_gauvreauii_DSM_19829,1,1,0,1,1,0,0,0,0,0,0
Ruminococcus_gnavus_ATCC_29149,1,1,1,1,1,1,0,0,0,0,0
Ruminococcus_lactaris_ATCC_29176,0,1,0,1,1,0,1,0,0,0,1
Ruminococcus_obeum_A2_162,1,1,0,1,1,1,0,0,0,0,0
Ruminococcus_sp_5_1_39BFAA,1,1,0,1,1,0,1,0,0,0,0
Ruminococcus_sp_SR1_5,1,1,0,1,1,0,1,0,0,0,0
Ruminococcus_torques_ATCC_27756,1,1,0,1,1,0,1,0,0,0,0
Ruminococcus_torques_L2_14,1,1,0,1,1,0,1,0,0,0,0
Salmonella_enterica_enterica_sv_Typhimurium_LT2,1,1,1,1,1,1,1,1,1,1,1
Scardovia_inopinata_F0304,1,1,0,1,1,0,1,0,0,0,0
Schlesneria_paludicola_DSM_18645,1,0,1,0,1,1,1,0,0,0,1
Selenomonas_ruminantium_AC2024,1,1,0,0,1,1,1,1,0,0,1
Serratia_fonticola_RB_25,1,1,1,1,1,1,1,1,0,0,1
Serratia_liquefaciens_ATCC_27592,1,1,0,1,1,1,1,1,0,0,1
Serratia_marcescens_subsp_marcescens_Db11,1,1,0,1,1,1,1,1,0,0,1
Shigella_dysenteriae_Sd197,1,1,1,1,1,1,1,0,0,0,1
Shigella_flexneri_2002017,1,1,0,1,1,1,1,1,0,0,1
Shigella_sonnei_Ss046,1,1,1,1,1,1,1,0,0,0,1
Silanimonas_lenta_DSM_16282,1,0,0,0,0,1,1,0,1,0,1
Slackia_exigua_ATCC_700122,0,0,0,0,0,0,0,0,0,0,0
Slackia_piriformis_YIT_12062,1,0,0,0,1,0,0,0,0,0,1
Solobacterium_moorei_DSM_22971,1,1,0,1,1,0,1,0,0,0,0
Solobacterium_moorei_F0204,1,1,0,1,1,0,1,0,0,0,0
Sphingomonas_paucimobilis_HER1398,0,0,0,0,0,0,0,0,0,0,0
Spirosoma_linguale_DSM_74,1,0,0,0,0,1,1,0,0,0,1
Staphylococcus_arlettae_CVD059,1,1,0,0,1,1,1,1,0,0,1
Staphylococcus_aureus_subsp_aureus_USA300_FPR3757,1,1,0,1,1,0,1,1,0,0,1
Staphylococcus_capitis_CR0101,1,1,0,0,1,0,1,1,0,0,1
Staphylococcus_capitis_QN1,1,1,0,0,1,0,1,1,0,0,1
Staphylococcus_caprae_C87,1,1,0,1,1,0,1,1,0,0,1
Staphylococcus_cohnii_hu_01,1,1,1,1,1,0,1,1,1,0,1
Staphylococcus_epidermidis_ATCC_12228,1,1,0,1,1,0,1,1,0,0,1
Staphylococcus_equorum_subsp_equorum_Mu2,1,1,0,0,1,1,1,1,0,0,1
Staphylococcus_haemolyticus_JCSC1435,1,1,0,1,1,0,1,1,0,0,1
Staphylococcus_hominis_subsp_hominis_C80,1,1,0,1,1,0,1,0,0,0,1
Staphylococcus_intermedius_ATCC_27335,1,1,0,1,1,0,1,0,0,0,0
Staphylococcus_lugdunensis_HKU09_01,1,1,0,1,1,0,1,0,0,0,1
Staphylococcus_pasteuri_SP1,1,1,0,1,1,0,1,1,0,0,1
Staphylococcus_pettenkoferi_VCU012,0,0,0,0,0,0,0,0,0,0,0
Staphylococcus_saprophyticus_subsp_saprophyticus_ATCC_15305,1,1,0,1,1,0,1,0,0,0,1
Staphylococcus_sciuri_subsp_sciuri_Z8,1,1,0,0,0,0,1,1,0,0,1
Staphylococcus_simulans_ACS_120_V_Sch1,1,1,0,1,1,0,1,0,0,0,1
Staphylococcus_vitulinus_F1028,1,1,0,0,0,0,1,1,0,0,1
Staphylococcus_warneri_SG1,1,1,0,1,1,0,1,1,0,0,1
Staphylococcus_xylosus_DMB3_Bh1,1,1,0,0,1,0,1,1,0,0,1
Staphylococcus_xylosus_NJ,1,1,0,0,1,0,1,1,0,0,1
Stenotrophomonas_maltophilia_D457,1,0,0,0,0,1,1,1,1,1,1
Stenotrophomonas_rhizophila_PCA13,1,0,0,0,0,1,1,1,1,0,1
Stoquefichus_massiliensis_AP9,0,1,0,1,1,0,0,0,0,0,0
Streptococcus_agalactiae_A909,1,1,0,1,1,0,1,0,0,0,1
Streptococcus_anginosus_1_2_62CV,1,1,0,1,1,0,1,0,0,0,0
Streptococcus_australis_ATCC_700641,1,1,0,1,1,0,1,0,0,0,1
Streptococcus_constellatus_subsp_constellatus_SK53,1,1,0,1,1,0,1,0,0,0,0
Streptococcus_constellatus_subsp_pharyngis_SK1060,1,1,0,1,1,0,1,0,0,0,0
Streptococcus_cristatus_ATCC_51100,1,1,0,1,1,0,1,0,0,0,0
Streptococcus_dysgalactiae_subsp_dysgalactiae_ATCC_27957,1,1,0,1,1,0,1,0,0,0,0
Streptococcus_equi_subsp_equi_4047,1,1,0,1,1,0,1,0,1,0,0
Streptococcus_equinus_ATCC_9812,0,0,0,0,0,0,0,0,0,0,0
Streptococcus_gallolyticus_subsp_gallolyticus_ATCC_43143,1,1,0,1,1,0,1,0,0,0,0
Streptococcus_gordonii_str_Challis_substr_CH1,1,1,0,1,1,0,1,0,0,0,1
Streptococcus_infantarius_subsp_infantarius_ATCC_BAA_102,0,0,0,0,0,0,0,0,0,0,0
Streptococcus_infantis_ATCC_700779,1,1,0,1,1,0,1,0,0,0,0
Streptococcus_intermedius_JTH08,1,1,0,1,1,0,1,0,0,0,0
Streptococcus_lutetiensis_033,1,1,0,1,1,0,1,1,0,0,0
Streptococcus_mitis_NCTC_12261,1,1,0,1,1,0,1,0,0,0,0
Streptococcus_mutans_ATCC_25175,1,1,0,1,1,0,1,0,1,0,0
Streptococcus_oralis_Uo5,1,1,0,1,1,0,1,0,0,0,0
Streptococcus_parasanguinis_ATCC_903,1,1,0,1,1,0,1,0,0,0,0
Streptococcus_parauberis_KCTC_11537,1,1,0,1,1,0,1,1,0,0,1
Streptococcus_peroris_ATCC_700780,1,1,0,1,1,0,1,0,0,0,1
Streptococcus_pleomorphus_DSM_20574,1,0,0,0,1,0,1,0,0,0,0
Streptococcus_pneumoniae_G54,1,1,0,1,1,0,1,0,0,0,0
Streptococcus_pseudopneumoniae_IS7493,1,1,0,1,1,0,1,0,0,0,0
Streptococcus_pyogenes_MGAS9429,1,1,0,1,1,0,1,0,0,0,1
Streptococcus_salivarius_JIM8777,1,1,0,1,1,0,1,0,0,0,0
Streptococcus_sanguinis_SK36,1,1,0,1,1,0,1,0,0,0,0
Streptococcus_sp_2_1_36FAA,0,0,0,0,0,0,0,0,0,0,0
Streptococcus_sp_I_G2,0,0,0,0,0,0,0,0,0,0,0
Streptococcus_sp_I_P16,1,1,0,1,1,0,1,0,0,0,0
Streptococcus_thermophilus_LMG_18311,1,1,0,1,1,1,1,0,0,0,0
Streptococcus_thoraltensis_DSM_12221,1,1,0,1,1,0,1,1,0,0,1
Streptococcus_uberis_0140J,1,1,0,1,1,0,1,0,0,0,1
Streptococcus_vestibularis_F0396,1,1,0,1,1,0,1,0,0,0,1
Subdoligranulum_variabile_DSM_15176,1,1,1,1,1,1,1,0,0,0,0
Succinatimonas_hippei_YIT_12066,1,0,0,0,1,1,0,0,0,0,1
Succinivibrio_dextrinosolvens_H5,1,0,0,0,0,1,1,0,0,0,0
Sulfolobus_solfataricus_P2,0,0,0,0,0,0,0,0,0,0,0
Sutterella_parvirubra_YIT_11816,0,0,0,0,1,1,0,1,0,0,1
Sutterella_wadsworthensis_3_1_45B,0,0,0,0,1,1,0,1,0,0,1
Tannerella_forsythia_ATCC_43037,1,1,0,0,0,0,1,0,0,0,1
Tatumella_ptyseos_ATCC_33301,1,1,0,1,1,0,1,1,0,0,1
Trabulsiella_guamensis_ATCC_49490,1,1,0,1,1,1,1,1,0,0,1
Tropheryma_whipplei_str_Twist,0,0,0,0,0,0,0,0,0,0,0
Trueperella_pyogenes_MS249,1,0,0,0,1,1,1,0,0,0,1
Ureaplasma_parvum_serovar_1_str_ATCC_27813,0,0,0,0,1,1,0,0,0,0,0
Ureaplasma_urealyticum_serovar_8_str_ATCC_27618,0,0,0,0,1,1,0,0,0,0,0
Ureibacillus_thermosphaericus_str_Thermo_BF,1,1,0,0,1,1,0,1,0,0,1
Varibaculum_cambriense_DSM_15806,0,0,0,0,0,0,0,0,0,0,0
Veillonella_atypica_ACS_049_V_Sch6,1,1,0,0,1,1,1,1,0,1,1
Veillonella_dispar_ATCC_17748,1,0,0,0,1,1,1,1,0,1,1
Veillonella_parvula_Te3_DSM_2008,1,0,0,0,1,1,1,1,0,1,1
Veillonella_ratti_ACS_216_V_Col6b,1,1,0,1,1,1,1,1,0,1,1
Veillonella_sp_3_1_44,1,1,0,1,1,1,1,1,0,1,1
Veillonella_sp_6_1_27,1,1,0,1,1,1,1,1,1,1,1
Vibrio_fluvialis_560,1,1,0,1,1,1,1,1,1,1,1
Vibrio_fluvialis_I21563,1,1,0,1,1,1,1,1,1,1,1
Vibrio_fluvialis_PG41,1,1,0,1,1,1,1,1,1,1,1
Vibrio_furnissii_NCTC_11218,1,1,1,1,1,1,1,1,1,1,1
Vibrio_mimicus_MB_451,1,1,0,1,1,1,1,1,1,0,1
Vibrio_parahaemolyticus_RIMD_2210633,1,1,0,1,1,1,1,1,1,0,1
Weissella_cibaria_KACC_11862,0,0,0,0,0,0,0,0,0,0,0
Weissella_confusa_LBAE_C39_2,0,0,0,0,0,0,0,0,0,0,0
Weissella_paramesenteroides_ATCC_33313,0,0,0,0,0,0,0,0,0,0,0
Yersinia_bercovieri_ATCC_43970,1,1,0,1,1,1,0,0,0,0,1
Yersinia_enterocolitica_subsp_enterocolitica_8081,1,1,0,1,1,1,0,0,0,0,1
Yersinia_frederiksenii_ATCC_33641,1,1,1,1,1,1,1,1,0,0,1
Yersinia_kristensenii_ATCC_33638,1,1,1,1,1,1,1,1,0,0,1
Yersinia_pseudotuberculosis_YPIII,1,1,0,1,1,1,1,1,0,0,1
Yersinia_rohdei_ATCC_43380,1,1,0,1,1,1,0,0,0,0,1
Yokenella_regensburgei_ATCC_43003,1,1,1,1,1,1,1,1,0,0,1
